district,price,rooms,floor
Holosiivskyi,23258.65,One bedroom,13
Sviatoshynskyi,10762.99,Studio apartment,21
Solomianskyi,30673.44,Two bedroom,28
Pecherskyi,7620.88,Studio apartment,19
Shevchenkivskyi,23746.07,Two bedroom,21
Obolonskyi,6281.0,One bedroom,13
Darnytskyi,19365.97,Three bedroom,12
Shevchenkivskyi,29200.81,Three bedroom,4
Podilskyi,30301.91,One bedroom,29
Pecherskyi,6506.39,One bedroom,22
Dniprovskyi,34639.56,Studio apartment,10
Dniprovskyi,6990.93,Three bedroom,1
Darnytskyi,19859.34,One bedroom,1
Pecherskyi,28351.28,Three bedroom,15
Shevchenkivskyi,31020.76,Two bedroom,25
Podilskyi,28509.49,One bedroom,27
Dniprovskyi,17261.04,Four bedroom,13
Darnytskyi,19815.45,Studio apartment,4
Desnianskyi,11155.68,Three bedroom,29
Desnianskyi,18288.98,Four bedroom,30
Sviatoshynskyi,8110.67,Studio apartment,27
Obolonskyi,10947.97,Studio apartment,11
Holosiivskyi,18579.31,Studio apartment,22
Podilskyi,34738.71,Four bedroom,11
Shevchenkivskyi,11226.14,One bedroom,18
Obolonskyi,6691.83,Three bedroom,14
Podilskyi,31530.34,Two bedroom,23
Solomianskyi,19659.53,One bedroom,21
Podilskyi,28029.34,Four bedroom,23
Pecherskyi,19702.52,Studio apartment,25
Obolonskyi,30645.03,Two bedroom,2
Sviatoshynskyi,34288.57,Three bedroom,28
Pecherskyi,31418.12,Two bedroom,13
Desnianskyi,16208.0,Four bedroom,26
Sviatoshynskyi,13365.67,Four bedroom,22
Podilskyi,30654.41,Three bedroom,24
Desnianskyi,13189.28,Two bedroom,9
Solomianskyi,20151.2,Four bedroom,2
Solomianskyi,30010.33,Two bedroom,3
Solomianskyi,17468.3,One bedroom,27
Solomianskyi,13366.8,Three bedroom,5
Shevchenkivskyi,18019.56,Four bedroom,12
Pecherskyi,23761.12,Studio apartment,13
Desnianskyi,21627.49,Four bedroom,23
Podilskyi,22700.39,Four bedroom,27
Podilskyi,34452.5,One bedroom,26
Podilskyi,11468.11,Three bedroom,30
Holosiivskyi,6054.42,Studio apartment,10
Pecherskyi,20550.62,Two bedroom,20
Podilskyi,30358.69,Four bedroom,20
Podilskyi,15835.49,Two bedroom,24
Solomianskyi,10372.94,One bedroom,23
Shevchenkivskyi,31494.62,One bedroom,1
Dniprovskyi,7589.74,Two bedroom,24
Podilskyi,10060.5,Two bedroom,25
Darnytskyi,9328.19,One bedroom,18
Darnytskyi,23694.89,Studio apartment,18
Pecherskyi,29053.58,Three bedroom,9
Sviatoshynskyi,16845.17,One bedroom,27
Podilskyi,31417.81,Three bedroom,28
Pecherskyi,15579.72,One bedroom,2
Obolonskyi,28350.29,One bedroom,9
Dniprovskyi,14895.23,Four bedroom,5
Obolonskyi,24574.11,Three bedroom,28
Solomianskyi,5766.44,Studio apartment,2
Holosiivskyi,16564.58,Three bedroom,15
Obolonskyi,7948.35,Three bedroom,14
Holosiivskyi,29974.67,Two bedroom,8
Desnianskyi,30396.42,Two bedroom,30
Sviatoshynskyi,8226.1,Studio apartment,3
Dniprovskyi,18961.5,Two bedroom,13
Solomianskyi,16905.08,Three bedroom,10
Sviatoshynskyi,24817.35,Four bedroom,3
Darnytskyi,24261.61,Two bedroom,11
Pecherskyi,26332.88,Three bedroom,20
Shevchenkivskyi,20433.01,Four bedroom,30
Sviatoshynskyi,32131.49,One bedroom,8
Dniprovskyi,8601.93,Four bedroom,9
Holosiivskyi,27932.75,One bedroom,11
Shevchenkivskyi,29191.27,Four bedroom,29
Darnytskyi,24748.14,Three bedroom,22
Pecherskyi,6939.58,Four bedroom,21
Sviatoshynskyi,33711.23,One bedroom,22
Podilskyi,32780.28,Three bedroom,8
Solomianskyi,28207.25,One bedroom,1
Shevchenkivskyi,6285.81,Studio apartment,6
Desnianskyi,10746.93,Studio apartment,3
Obolonskyi,12869.09,Studio apartment,21
Desnianskyi,9114.09,Two bedroom,21
Solomianskyi,17881.79,Two bedroom,11
Darnytskyi,16862.37,Four bedroom,20
Shevchenkivskyi,33973.17,Studio apartment,18
Shevchenkivskyi,34656.0,One bedroom,9
Sviatoshynskyi,16115.72,Three bedroom,10
Obolonskyi,23651.43,One bedroom,26
Obolonskyi,32829.94,One bedroom,13
Sviatoshynskyi,18805.99,Two bedroom,22
Solomianskyi,21429.14,One bedroom,1
Obolonskyi,24909.28,Studio apartment,16
Darnytskyi,9768.26,One bedroom,16
Dniprovskyi,28016.27,Studio apartment,3
Obolonskyi,6083.55,Studio apartment,20
Darnytskyi,5666.52,Two bedroom,22
Darnytskyi,20373.51,Two bedroom,12
Sviatoshynskyi,26647.22,Studio apartment,17
Darnytskyi,8369.35,One bedroom,6
Desnianskyi,32057.08,Studio apartment,25
Sviatoshynskyi,24998.09,Four bedroom,18
Sviatoshynskyi,12326.51,One bedroom,15
Darnytskyi,22037.79,Four bedroom,17
Shevchenkivskyi,22307.03,One bedroom,17
Darnytskyi,14189.72,Studio apartment,26
Pecherskyi,28301.34,One bedroom,16
Sviatoshynskyi,5191.57,Three bedroom,3
Desnianskyi,12158.61,Four bedroom,8
Desnianskyi,6301.24,One bedroom,16
Sviatoshynskyi,27288.15,Two bedroom,20
Solomianskyi,11796.5,Three bedroom,9
Solomianskyi,15169.8,Three bedroom,5
Shevchenkivskyi,19721.15,Four bedroom,1
Dniprovskyi,19364.97,Two bedroom,26
Solomianskyi,15981.43,Three bedroom,11
Obolonskyi,16047.87,Two bedroom,27
Holosiivskyi,24982.58,Two bedroom,7
Obolonskyi,9009.06,Studio apartment,28
Holosiivskyi,34828.99,Two bedroom,4
Obolonskyi,29298.37,Three bedroom,12
Podilskyi,11850.93,Three bedroom,19
Pecherskyi,14346.32,Two bedroom,30
Desnianskyi,25981.11,Studio apartment,16
Sviatoshynskyi,28100.19,Studio apartment,11
Sviatoshynskyi,27662.38,Two bedroom,21
Darnytskyi,24760.35,Four bedroom,15
Shevchenkivskyi,8026.11,Studio apartment,24
Solomianskyi,6410.27,Three bedroom,7
Solomianskyi,26802.81,Studio apartment,1
Desnianskyi,18631.68,Studio apartment,16
Shevchenkivskyi,17929.23,Studio apartment,10
Podilskyi,19783.71,Three bedroom,18
Podilskyi,31964.25,One bedroom,10
Shevchenkivskyi,25745.82,Three bedroom,27
Darnytskyi,27189.07,Four bedroom,7
Sviatoshynskyi,12405.71,Two bedroom,7
Shevchenkivskyi,8674.11,Studio apartment,29
Dniprovskyi,5432.42,One bedroom,10
Podilskyi,24229.35,Studio apartment,23
Podilskyi,31955.78,One bedroom,21
Dniprovskyi,19353.58,One bedroom,7
Podilskyi,13691.41,Four bedroom,1
Sviatoshynskyi,31059.83,Three bedroom,20
Solomianskyi,24867.25,Studio apartment,20
Dniprovskyi,7566.79,One bedroom,22
Holosiivskyi,29662.51,Four bedroom,26
Obolonskyi,12686.01,One bedroom,9
Darnytskyi,16554.49,Three bedroom,17
Dniprovskyi,8725.69,Studio apartment,28
Holosiivskyi,20793.07,One bedroom,22
Obolonskyi,33614.92,Two bedroom,13
Sviatoshynskyi,19906.86,Two bedroom,7
Obolonskyi,30883.35,Two bedroom,25
Shevchenkivskyi,17827.5,One bedroom,21
Pecherskyi,10817.6,Four bedroom,27
Sviatoshynskyi,25886.58,Two bedroom,20
Darnytskyi,29581.93,Three bedroom,19
Podilskyi,27198.08,Four bedroom,17
Holosiivskyi,30403.31,Studio apartment,13
Pecherskyi,25884.29,Four bedroom,20
Dniprovskyi,25013.99,One bedroom,4
Solomianskyi,6124.2,Four bedroom,23
Dniprovskyi,12459.7,Three bedroom,23
Dniprovskyi,9291.75,One bedroom,3
Obolonskyi,30135.51,Four bedroom,19
Shevchenkivskyi,27387.18,Three bedroom,12
Solomianskyi,32626.52,Two bedroom,25
Sviatoshynskyi,30818.87,One bedroom,19
Darnytskyi,12605.59,Studio apartment,16
Sviatoshynskyi,7526.69,Three bedroom,19
Desnianskyi,24167.77,Studio apartment,15
Sviatoshynskyi,17037.18,One bedroom,12
Podilskyi,31952.92,Four bedroom,17
Holosiivskyi,31259.73,One bedroom,25
Obolonskyi,26825.35,Four bedroom,25
Shevchenkivskyi,8617.6,Two bedroom,11
Holosiivskyi,25489.51,Studio apartment,1
Shevchenkivskyi,28381.98,Two bedroom,29
Pecherskyi,19627.49,Two bedroom,10
Holosiivskyi,13734.66,Four bedroom,18
Dniprovskyi,31522.7,One bedroom,7
Shevchenkivskyi,18943.21,Three bedroom,21
Pecherskyi,17409.62,Three bedroom,11
Darnytskyi,34964.66,Two bedroom,20
Darnytskyi,32212.33,Two bedroom,2
Obolonskyi,20540.9,Two bedroom,27
Obolonskyi,28627.55,Two bedroom,13
Sviatoshynskyi,34570.46,One bedroom,15
Shevchenkivskyi,7091.48,Studio apartment,6
Solomianskyi,20570.38,Three bedroom,16
Holosiivskyi,33059.18,Three bedroom,13
Dniprovskyi,15832.83,Four bedroom,30
Obolonskyi,5432.08,Two bedroom,6
Podilskyi,30444.03,Studio apartment,9
Pecherskyi,6291.77,Two bedroom,6
Pecherskyi,23020.6,Three bedroom,3
Darnytskyi,28651.24,Studio apartment,16
Podilskyi,21024.57,One bedroom,1
Sviatoshynskyi,17917.7,Three bedroom,1
Pecherskyi,27405.56,One bedroom,24
Podilskyi,9555.08,Four bedroom,10
Obolonskyi,13852.78,Four bedroom,27
Holosiivskyi,18215.53,Two bedroom,23
Obolonskyi,25163.71,One bedroom,23
Dniprovskyi,5253.06,Two bedroom,15
Shevchenkivskyi,30186.08,Four bedroom,8
Desnianskyi,18277.04,One bedroom,1
Dniprovskyi,26900.96,Four bedroom,20
Darnytskyi,6630.04,Four bedroom,5
Dniprovskyi,19637.64,Three bedroom,30
Holosiivskyi,5092.77,Four bedroom,16
Shevchenkivskyi,12576.45,Studio apartment,14
Desnianskyi,12699.52,Two bedroom,13
Podilskyi,30145.24,Studio apartment,2
Desnianskyi,11341.4,Studio apartment,10
Darnytskyi,10934.44,One bedroom,14
Sviatoshynskyi,33348.5,One bedroom,30
Dniprovskyi,18613.92,Studio apartment,17
Sviatoshynskyi,7630.88,Three bedroom,29
Dniprovskyi,28129.74,Four bedroom,18
Solomianskyi,33081.49,Studio apartment,28
Darnytskyi,6659.19,Two bedroom,25
Sviatoshynskyi,25974.33,Two bedroom,14
Shevchenkivskyi,12351.32,Studio apartment,29
Shevchenkivskyi,22011.21,Studio apartment,20
Shevchenkivskyi,8313.2,Two bedroom,12
Darnytskyi,16601.25,Four bedroom,27
Podilskyi,8418.01,Four bedroom,23
Shevchenkivskyi,8169.34,Studio apartment,12
Desnianskyi,15758.95,Studio apartment,7
Pecherskyi,30507.98,Three bedroom,6
Solomianskyi,23935.58,Three bedroom,21
Shevchenkivskyi,10115.08,Three bedroom,1
Podilskyi,32175.36,One bedroom,20
Pecherskyi,15076.49,Two bedroom,29
Sviatoshynskyi,15019.61,One bedroom,23
Pecherskyi,8469.28,Studio apartment,26
Holosiivskyi,16648.51,One bedroom,6
Desnianskyi,27713.32,Three bedroom,28
Sviatoshynskyi,22421.65,Two bedroom,26
Dniprovskyi,13317.49,Two bedroom,25
Desnianskyi,25147.93,Three bedroom,13
Dniprovskyi,14166.92,Studio apartment,22
Pecherskyi,30584.4,Two bedroom,21
Obolonskyi,16348.76,Two bedroom,3
Shevchenkivskyi,5536.66,Three bedroom,26
Pecherskyi,14349.42,One bedroom,25
Sviatoshynskyi,9136.7,Studio apartment,20
Pecherskyi,5817.76,Two bedroom,16
Sviatoshynskyi,8831.34,One bedroom,15
Obolonskyi,10290.74,One bedroom,27
Shevchenkivskyi,32750.18,Two bedroom,28
Desnianskyi,28221.33,One bedroom,1
Sviatoshynskyi,14959.62,Two bedroom,8
Dniprovskyi,22178.73,Two bedroom,5
Pecherskyi,14512.63,One bedroom,3
Solomianskyi,20374.04,Four bedroom,26
Obolonskyi,9827.11,Three bedroom,2
Darnytskyi,19224.34,Studio apartment,16
Darnytskyi,33720.46,Four bedroom,29
Darnytskyi,29090.92,Two bedroom,14
Podilskyi,26833.41,Two bedroom,19
Sviatoshynskyi,19765.45,Three bedroom,16
Dniprovskyi,5673.37,Four bedroom,23
Holosiivskyi,20316.02,One bedroom,29
Dniprovskyi,28025.63,Studio apartment,12
Podilskyi,20063.88,Studio apartment,13
Holosiivskyi,13503.34,Four bedroom,19
Solomianskyi,26420.85,Three bedroom,16
Desnianskyi,22848.42,One bedroom,24
Solomianskyi,19512.69,Two bedroom,8
Sviatoshynskyi,22872.93,Two bedroom,15
Desnianskyi,21388.86,One bedroom,11
Pecherskyi,22476.31,Studio apartment,10
Solomianskyi,34170.02,One bedroom,1
Sviatoshynskyi,18808.43,Three bedroom,28
Dniprovskyi,28585.33,One bedroom,23
Holosiivskyi,24849.3,Studio apartment,15
Desnianskyi,29162.99,One bedroom,5
Desnianskyi,19526.58,Two bedroom,21
Darnytskyi,10070.91,Three bedroom,25
Solomianskyi,28687.67,One bedroom,13
Darnytskyi,14670.23,Studio apartment,25
Sviatoshynskyi,9894.23,Three bedroom,25
Desnianskyi,12969.52,Studio apartment,24
Darnytskyi,12964.23,Four bedroom,25
Podilskyi,34901.97,Three bedroom,26
Obolonskyi,24648.56,One bedroom,27
Holosiivskyi,14253.66,Three bedroom,27
Holosiivskyi,23829.55,Two bedroom,2
Pecherskyi,21576.57,Two bedroom,6
Darnytskyi,15750.97,Studio apartment,25
Pecherskyi,33349.15,One bedroom,5
Pecherskyi,33491.45,One bedroom,1
Desnianskyi,34284.95,Studio apartment,24
Darnytskyi,6309.98,Four bedroom,8
Holosiivskyi,13689.76,One bedroom,27
Darnytskyi,30627.87,One bedroom,29
Obolonskyi,20246.1,Studio apartment,14
Shevchenkivskyi,28032.17,Studio apartment,28
Darnytskyi,13092.42,Studio apartment,8
Darnytskyi,13956.27,One bedroom,15
Pecherskyi,34505.97,Studio apartment,16
Podilskyi,18671.96,One bedroom,29
Dniprovskyi,20357.0,Studio apartment,4
Obolonskyi,30286.39,Four bedroom,7
Solomianskyi,14512.87,Three bedroom,27
Solomianskyi,29047.99,Four bedroom,6
Solomianskyi,24265.58,Three bedroom,16
Sviatoshynskyi,26972.0,Four bedroom,16
Solomianskyi,22586.67,Studio apartment,11
Dniprovskyi,28144.13,Three bedroom,20
Holosiivskyi,28376.38,Three bedroom,9
Desnianskyi,5568.08,Two bedroom,14
Dniprovskyi,17307.38,Two bedroom,19
Podilskyi,7829.74,Three bedroom,3
Shevchenkivskyi,15030.95,Studio apartment,23
Darnytskyi,11305.06,Studio apartment,2
Sviatoshynskyi,7920.06,Four bedroom,15
Obolonskyi,23462.75,Two bedroom,11
Solomianskyi,7363.25,Four bedroom,2
Solomianskyi,20848.73,Three bedroom,29
Darnytskyi,15062.06,Four bedroom,27
Sviatoshynskyi,17137.43,Three bedroom,12
Sviatoshynskyi,21317.45,Studio apartment,11
Podilskyi,20036.69,Studio apartment,27
Pecherskyi,33937.41,Four bedroom,11
Shevchenkivskyi,30204.73,Two bedroom,1
Obolonskyi,13304.98,One bedroom,21
Podilskyi,26460.07,Four bedroom,24
Dniprovskyi,14141.56,Studio apartment,27
Obolonskyi,18281.97,Three bedroom,28
Obolonskyi,18164.6,Studio apartment,18
Obolonskyi,13873.45,Three bedroom,7
Desnianskyi,25017.35,Studio apartment,15
Solomianskyi,20867.23,Four bedroom,20
Desnianskyi,27657.86,Studio apartment,15
Dniprovskyi,26111.4,Three bedroom,5
Dniprovskyi,29883.8,Three bedroom,26
Darnytskyi,26708.41,Studio apartment,16
Shevchenkivskyi,22137.74,Studio apartment,10
Obolonskyi,8216.72,Studio apartment,16
Desnianskyi,27667.84,Two bedroom,22
Obolonskyi,25459.79,Three bedroom,4
Holosiivskyi,12569.87,Two bedroom,14
Darnytskyi,33413.54,Studio apartment,1
Shevchenkivskyi,33367.99,One bedroom,6
Shevchenkivskyi,7325.74,Four bedroom,25
Pecherskyi,9821.75,Studio apartment,26
Dniprovskyi,9323.82,Three bedroom,7
Holosiivskyi,12146.94,One bedroom,12
Podilskyi,5743.08,Two bedroom,19
Obolonskyi,19918.04,One bedroom,23
Pecherskyi,32522.7,Three bedroom,24
Obolonskyi,19435.43,Four bedroom,9
Pecherskyi,9167.56,Two bedroom,29
Obolonskyi,22923.46,Three bedroom,27
Obolonskyi,8431.32,One bedroom,5
Desnianskyi,12200.71,One bedroom,23
Darnytskyi,12410.74,Studio apartment,29
Holosiivskyi,26022.67,One bedroom,22
Pecherskyi,28156.42,Three bedroom,2
Obolonskyi,25358.96,One bedroom,20
Shevchenkivskyi,33058.17,Two bedroom,27
Desnianskyi,17076.6,Studio apartment,14
Pecherskyi,25119.83,Three bedroom,19
Pecherskyi,17924.96,Three bedroom,26
Podilskyi,30522.41,Two bedroom,8
Pecherskyi,34855.33,Studio apartment,26
Sviatoshynskyi,25455.36,Two bedroom,4
Podilskyi,28988.56,Studio apartment,14
Pecherskyi,12616.6,One bedroom,7
Solomianskyi,25354.28,Three bedroom,22
Podilskyi,11705.81,Three bedroom,24
Podilskyi,32161.14,One bedroom,30
Solomianskyi,13202.29,Four bedroom,23
Shevchenkivskyi,8281.34,Studio apartment,13
Darnytskyi,26951.29,Three bedroom,2
Solomianskyi,5973.91,Two bedroom,30
Darnytskyi,12620.09,One bedroom,9
Darnytskyi,17353.64,Two bedroom,3
Pecherskyi,29465.88,Four bedroom,2
Darnytskyi,28228.63,Four bedroom,21
Pecherskyi,17400.63,Two bedroom,4
Shevchenkivskyi,28705.19,Two bedroom,29
Podilskyi,14004.06,Studio apartment,18
Darnytskyi,11102.88,Four bedroom,10
Shevchenkivskyi,23109.36,Studio apartment,10
Holosiivskyi,22521.11,Four bedroom,20
Obolonskyi,33210.36,Four bedroom,8
Solomianskyi,12062.71,Four bedroom,4
Desnianskyi,6058.67,Four bedroom,28
Solomianskyi,20704.04,Two bedroom,28
Shevchenkivskyi,11720.04,Studio apartment,28
Dniprovskyi,16482.92,Three bedroom,28
Dniprovskyi,15908.56,Four bedroom,29
Podilskyi,18205.31,Two bedroom,14
Solomianskyi,23477.63,Four bedroom,15
Holosiivskyi,27568.91,Studio apartment,2
Solomianskyi,15022.19,One bedroom,26
Solomianskyi,18459.5,Three bedroom,19
Shevchenkivskyi,34709.13,One bedroom,10
Darnytskyi,20647.06,Studio apartment,8
Sviatoshynskyi,16738.36,Four bedroom,18
Darnytskyi,17068.44,Studio apartment,6
Pecherskyi,14846.16,One bedroom,15
Dniprovskyi,24351.76,One bedroom,13
Darnytskyi,19692.18,Studio apartment,25
Holosiivskyi,33059.19,Four bedroom,16
Holosiivskyi,5686.96,Studio apartment,14
Darnytskyi,12404.34,Four bedroom,22
Desnianskyi,24856.45,One bedroom,15
Solomianskyi,22850.05,Two bedroom,21
Solomianskyi,24594.08,One bedroom,20
Sviatoshynskyi,27470.03,One bedroom,14
Solomianskyi,23316.38,Two bedroom,7
Darnytskyi,17088.16,Four bedroom,24
Pecherskyi,6193.94,Four bedroom,20
Desnianskyi,12407.64,Two bedroom,15
Dniprovskyi,23679.37,Three bedroom,7
Dniprovskyi,24935.01,Four bedroom,11
Shevchenkivskyi,34731.46,Three bedroom,30
Pecherskyi,9617.98,Studio apartment,6
Pecherskyi,12855.22,Three bedroom,11
Obolonskyi,22578.17,One bedroom,2
Obolonskyi,18797.74,Two bedroom,22
Pecherskyi,23323.61,Studio apartment,13
Sviatoshynskyi,13943.15,Three bedroom,11
Desnianskyi,18845.11,One bedroom,28
Podilskyi,27450.37,Three bedroom,21
Shevchenkivskyi,16169.14,One bedroom,22
Dniprovskyi,5075.59,One bedroom,7
Shevchenkivskyi,29019.2,Three bedroom,25
Podilskyi,30291.01,One bedroom,23
Shevchenkivskyi,29418.96,One bedroom,18
Desnianskyi,32619.09,Two bedroom,19
Podilskyi,18606.96,Four bedroom,14
Pecherskyi,33785.45,Studio apartment,13
Desnianskyi,31830.26,Two bedroom,15
Shevchenkivskyi,9839.54,Two bedroom,10
Obolonskyi,8033.86,Four bedroom,18
Darnytskyi,9199.45,Studio apartment,12
Podilskyi,30618.76,Studio apartment,6
Holosiivskyi,9429.07,Four bedroom,27
Solomianskyi,10699.61,Studio apartment,1
Shevchenkivskyi,28283.6,Four bedroom,2
Desnianskyi,18105.55,One bedroom,7
Pecherskyi,33478.31,Four bedroom,21
Sviatoshynskyi,7318.78,Three bedroom,12
Desnianskyi,20303.29,Studio apartment,26
Sviatoshynskyi,21836.22,Two bedroom,16
Sviatoshynskyi,9268.25,One bedroom,19
Desnianskyi,9734.34,Two bedroom,8
Solomianskyi,19590.47,Four bedroom,30
Holosiivskyi,23027.99,Studio apartment,27
Holosiivskyi,13716.43,One bedroom,30
Pecherskyi,21844.68,Studio apartment,17
Sviatoshynskyi,22352.43,Three bedroom,3
Obolonskyi,20936.06,Four bedroom,5
Obolonskyi,28025.37,Studio apartment,6
Desnianskyi,27633.52,One bedroom,7
Obolonskyi,29340.18,Four bedroom,13
Shevchenkivskyi,22380.02,Studio apartment,7
Solomianskyi,15433.38,Two bedroom,24
Podilskyi,15719.11,One bedroom,7
Obolonskyi,20962.37,Two bedroom,19
Pecherskyi,31330.67,One bedroom,2
Sviatoshynskyi,9954.71,Four bedroom,30
Holosiivskyi,20773.79,Four bedroom,17
Shevchenkivskyi,24292.58,Studio apartment,5
Darnytskyi,26418.61,Four bedroom,3
Solomianskyi,22809.07,Four bedroom,9
Solomianskyi,17550.55,One bedroom,4
Desnianskyi,26810.25,Four bedroom,29
Desnianskyi,10430.64,Four bedroom,13
Desnianskyi,5726.3,Two bedroom,24
Pecherskyi,15602.46,Four bedroom,13
Obolonskyi,30108.18,One bedroom,25
Shevchenkivskyi,29037.05,Studio apartment,5
Desnianskyi,6895.11,Two bedroom,1
Sviatoshynskyi,28878.71,Three bedroom,28
Pecherskyi,28736.38,Studio apartment,21
Pecherskyi,33028.67,Three bedroom,16
Darnytskyi,14851.09,Three bedroom,5
Solomianskyi,7156.21,Two bedroom,29
Dniprovskyi,20840.85,Two bedroom,30
Shevchenkivskyi,24659.52,Two bedroom,25
Podilskyi,29932.17,Four bedroom,10
Shevchenkivskyi,31721.7,Three bedroom,4
Dniprovskyi,6827.72,Two bedroom,12
Desnianskyi,24278.88,Four bedroom,18
Podilskyi,30878.56,Three bedroom,8
Solomianskyi,7065.74,Four bedroom,22
Sviatoshynskyi,12055.77,Three bedroom,7
Solomianskyi,32326.03,Four bedroom,27
Darnytskyi,22693.27,Four bedroom,18
Obolonskyi,14362.77,Studio apartment,25
Dniprovskyi,5786.94,Studio apartment,24
Podilskyi,15148.11,Three bedroom,27
Podilskyi,34943.8,Two bedroom,10
Podilskyi,18919.83,One bedroom,19
Darnytskyi,30479.84,Two bedroom,13
Dniprovskyi,27828.17,Studio apartment,25
Pecherskyi,11521.44,Four bedroom,19
Solomianskyi,16102.75,Studio apartment,25
Sviatoshynskyi,6627.17,Two bedroom,18
Pecherskyi,5064.88,Studio apartment,18
Shevchenkivskyi,32117.56,Studio apartment,12
Sviatoshynskyi,9393.97,Four bedroom,17
Desnianskyi,24853.71,One bedroom,23
Desnianskyi,17472.12,Two bedroom,21
Darnytskyi,8074.88,Two bedroom,19
Darnytskyi,9167.24,Three bedroom,4
Darnytskyi,6035.31,One bedroom,17
Darnytskyi,19646.99,Four bedroom,5
Podilskyi,17289.76,Studio apartment,17
Dniprovskyi,18979.61,One bedroom,23
Shevchenkivskyi,31558.75,Three bedroom,13
Solomianskyi,11120.96,Four bedroom,20
Podilskyi,29726.81,Studio apartment,27
Obolonskyi,21274.36,One bedroom,13
Holosiivskyi,9649.91,Studio apartment,7
Obolonskyi,9019.74,Four bedroom,8
Obolonskyi,26836.31,Studio apartment,12
Obolonskyi,12708.59,Studio apartment,15
Obolonskyi,23197.02,Four bedroom,24
Solomianskyi,33646.22,One bedroom,23
Desnianskyi,20936.95,Three bedroom,18
Holosiivskyi,26103.17,Four bedroom,19
Solomianskyi,28719.93,Four bedroom,2
Desnianskyi,17944.14,Three bedroom,8
Shevchenkivskyi,16143.46,Three bedroom,12
Desnianskyi,32670.4,Four bedroom,20
Podilskyi,32063.5,Three bedroom,5
Shevchenkivskyi,25370.33,Studio apartment,16
Darnytskyi,16018.27,One bedroom,5
Darnytskyi,10053.46,Three bedroom,30
Dniprovskyi,24123.39,Studio apartment,2
Darnytskyi,25175.61,Two bedroom,1
Darnytskyi,10939.97,Four bedroom,18
Podilskyi,16449.1,Four bedroom,21
Desnianskyi,13008.92,Four bedroom,4
Podilskyi,10758.44,Three bedroom,12
Dniprovskyi,11905.29,Four bedroom,11
Pecherskyi,19390.03,Two bedroom,12
Obolonskyi,29378.61,Three bedroom,9
Darnytskyi,23570.34,Studio apartment,16
Pecherskyi,7091.52,Three bedroom,4
Podilskyi,21077.82,Four bedroom,11
Darnytskyi,27113.12,Studio apartment,8
Solomianskyi,18733.62,One bedroom,17
Dniprovskyi,24916.82,Three bedroom,26
Pecherskyi,5544.67,Four bedroom,19
Dniprovskyi,26707.77,One bedroom,29
Sviatoshynskyi,8726.72,Studio apartment,15
Shevchenkivskyi,10201.02,Two bedroom,11
Obolonskyi,11498.43,Two bedroom,2
Sviatoshynskyi,34276.02,Two bedroom,20
Podilskyi,5942.78,Four bedroom,13
Desnianskyi,20176.95,Studio apartment,2
Desnianskyi,26631.61,Studio apartment,9
Sviatoshynskyi,12988.9,Three bedroom,14
Solomianskyi,7791.34,Two bedroom,6
Shevchenkivskyi,28964.59,Four bedroom,30
Holosiivskyi,19576.29,Three bedroom,19
Podilskyi,18934.48,Four bedroom,9
Dniprovskyi,20538.09,Two bedroom,14
Sviatoshynskyi,32019.07,Two bedroom,6
Shevchenkivskyi,15633.9,Two bedroom,18
Sviatoshynskyi,9442.03,Studio apartment,3
Podilskyi,16233.39,Studio apartment,20
Shevchenkivskyi,25508.17,Four bedroom,8
Shevchenkivskyi,20942.09,One bedroom,25
Desnianskyi,29351.53,Two bedroom,10
Desnianskyi,14323.27,Two bedroom,28
Podilskyi,14198.63,One bedroom,17
Obolonskyi,9054.64,Studio apartment,24
Obolonskyi,32712.18,Four bedroom,7
Pecherskyi,28196.07,Four bedroom,25
Shevchenkivskyi,30953.07,One bedroom,2
Desnianskyi,18450.14,Studio apartment,25
Sviatoshynskyi,28313.53,One bedroom,24
Darnytskyi,20635.28,Two bedroom,3
Holosiivskyi,9708.1,Two bedroom,4
Solomianskyi,17400.87,Four bedroom,15
Darnytskyi,10964.57,Four bedroom,8
Sviatoshynskyi,22983.37,Three bedroom,26
Obolonskyi,6256.5,Two bedroom,10
Dniprovskyi,24164.88,Three bedroom,9
Pecherskyi,8132.46,Four bedroom,6
Dniprovskyi,5420.7,Two bedroom,24
Pecherskyi,31870.54,Two bedroom,23
Obolonskyi,19870.98,One bedroom,4
Dniprovskyi,29139.49,Studio apartment,14
Holosiivskyi,16311.84,Studio apartment,6
Obolonskyi,15610.03,Four bedroom,4
Darnytskyi,34567.95,One bedroom,14
Shevchenkivskyi,33205.9,Two bedroom,18
Podilskyi,10680.94,Three bedroom,16
Sviatoshynskyi,6348.16,Two bedroom,1
Dniprovskyi,15476.02,Three bedroom,26
Desnianskyi,20063.4,Two bedroom,26
Solomianskyi,33943.22,Studio apartment,6
Holosiivskyi,23129.7,Three bedroom,5
Pecherskyi,32334.58,Three bedroom,17
Desnianskyi,22428.8,Four bedroom,25
Pecherskyi,12371.65,Two bedroom,8
Solomianskyi,22334.25,Four bedroom,13
Holosiivskyi,8578.43,One bedroom,19
Holosiivskyi,9141.96,Studio apartment,29
Solomianskyi,34118.77,One bedroom,22
Desnianskyi,24301.7,Four bedroom,6
Solomianskyi,24417.64,One bedroom,3
Desnianskyi,27733.72,Studio apartment,28
Dniprovskyi,9009.65,Three bedroom,1
Desnianskyi,9595.98,Two bedroom,6
Holosiivskyi,10323.81,Three bedroom,26
Sviatoshynskyi,11679.1,One bedroom,10
Podilskyi,14155.06,One bedroom,11
Pecherskyi,16851.56,Four bedroom,5
Desnianskyi,34619.16,Studio apartment,16
Solomianskyi,18689.43,Four bedroom,20
Obolonskyi,11205.61,One bedroom,4
Podilskyi,16225.1,Three bedroom,15
Desnianskyi,11945.53,Two bedroom,25
Pecherskyi,30060.16,Studio apartment,3
Pecherskyi,25328.59,Four bedroom,11
Darnytskyi,28429.41,Two bedroom,1
Sviatoshynskyi,21006.45,Two bedroom,18
Sviatoshynskyi,19396.69,Two bedroom,5
Darnytskyi,27703.29,One bedroom,22
Dniprovskyi,5848.4,Three bedroom,13
Darnytskyi,9666.67,Three bedroom,11
Solomianskyi,12124.78,One bedroom,1
Desnianskyi,30776.72,Studio apartment,1
Shevchenkivskyi,33316.43,Studio apartment,14
Obolonskyi,23056.9,Three bedroom,24
Darnytskyi,25939.33,Three bedroom,29
Solomianskyi,21350.91,Two bedroom,7
Podilskyi,30738.84,One bedroom,8
Pecherskyi,18077.74,Three bedroom,28
Dniprovskyi,21858.79,Three bedroom,7
Sviatoshynskyi,17541.21,Four bedroom,27
Darnytskyi,21913.2,One bedroom,17
Obolonskyi,13064.81,Two bedroom,26
Pecherskyi,6252.12,Three bedroom,10
Solomianskyi,29646.24,Two bedroom,15
Pecherskyi,25861.63,Two bedroom,23
Darnytskyi,19097.23,Two bedroom,5
Sviatoshynskyi,17361.53,One bedroom,24
Holosiivskyi,28198.57,Two bedroom,1
Holosiivskyi,6140.7,Four bedroom,26
Obolonskyi,14162.68,Three bedroom,12
Pecherskyi,27945.88,Four bedroom,21
Shevchenkivskyi,8123.06,Two bedroom,27
Sviatoshynskyi,15545.4,Two bedroom,28
Darnytskyi,16258.75,Two bedroom,8
Desnianskyi,20326.78,Studio apartment,1
Shevchenkivskyi,5209.08,Three bedroom,10
Darnytskyi,27865.79,One bedroom,23
Desnianskyi,6677.71,One bedroom,18
Podilskyi,16011.86,Studio apartment,15
Obolonskyi,14262.48,Two bedroom,19
Shevchenkivskyi,22555.22,Four bedroom,13
Desnianskyi,19211.73,Studio apartment,9
Dniprovskyi,7280.2,Four bedroom,24
Sviatoshynskyi,11111.11,Four bedroom,5
Desnianskyi,8119.17,One bedroom,5
Shevchenkivskyi,27667.15,Studio apartment,5
Holosiivskyi,30661.54,Four bedroom,22
Holosiivskyi,24458.61,Four bedroom,12
Podilskyi,19423.07,Three bedroom,9
Podilskyi,19052.21,Studio apartment,4
Obolonskyi,32292.59,One bedroom,24
Obolonskyi,31839.36,One bedroom,3
Dniprovskyi,15762.76,One bedroom,4
Pecherskyi,8979.13,Four bedroom,27
Darnytskyi,8779.02,Three bedroom,7
Darnytskyi,8124.21,Four bedroom,18
Obolonskyi,22339.79,Three bedroom,29
Solomianskyi,19496.59,Three bedroom,1
Dniprovskyi,29573.39,One bedroom,4
Sviatoshynskyi,32004.45,Two bedroom,22
Dniprovskyi,10183.44,Three bedroom,15
Pecherskyi,13646.54,Studio apartment,17
Podilskyi,19918.78,One bedroom,12
Obolonskyi,16847.53,One bedroom,11
Obolonskyi,25282.26,One bedroom,8
Sviatoshynskyi,20035.02,Four bedroom,18
Pecherskyi,11891.1,Studio apartment,8
Holosiivskyi,9192.99,Two bedroom,5
Solomianskyi,30290.58,One bedroom,30
Darnytskyi,26742.88,Four bedroom,15
Desnianskyi,21375.37,Three bedroom,26
Obolonskyi,14371.67,Two bedroom,29
Sviatoshynskyi,14007.28,Two bedroom,1
Shevchenkivskyi,21693.43,One bedroom,27
Solomianskyi,27995.67,Two bedroom,12
Sviatoshynskyi,14525.59,Three bedroom,12
Shevchenkivskyi,21607.63,Studio apartment,6
Darnytskyi,30660.98,Four bedroom,16
Pecherskyi,33985.75,Two bedroom,22
Podilskyi,32320.1,One bedroom,24
Darnytskyi,31123.9,Two bedroom,11
Obolonskyi,5016.89,Studio apartment,23
Pecherskyi,23427.63,One bedroom,24
Sviatoshynskyi,8203.55,One bedroom,17
Darnytskyi,32816.21,Studio apartment,21
Dniprovskyi,22473.1,Four bedroom,18
Podilskyi,7225.91,Two bedroom,12
Dniprovskyi,30665.32,Three bedroom,21
Sviatoshynskyi,12385.49,Four bedroom,22
Pecherskyi,33028.89,Three bedroom,23
Shevchenkivskyi,6025.0,Two bedroom,17
Solomianskyi,21726.01,Four bedroom,20
Darnytskyi,9291.77,Studio apartment,12
Pecherskyi,26785.91,Four bedroom,11
Solomianskyi,8516.07,One bedroom,15
Obolonskyi,30794.57,Three bedroom,21
Holosiivskyi,16513.74,Three bedroom,3
Darnytskyi,34459.76,Three bedroom,12
Darnytskyi,27305.34,Two bedroom,25
Podilskyi,22342.85,Studio apartment,28
Obolonskyi,30879.01,Four bedroom,12
Shevchenkivskyi,14973.63,Two bedroom,21
Dniprovskyi,27282.28,One bedroom,23
Pecherskyi,11709.25,Three bedroom,12
Desnianskyi,6392.55,One bedroom,29
Obolonskyi,26795.39,One bedroom,6
Solomianskyi,24110.39,Four bedroom,23
Holosiivskyi,5350.19,One bedroom,24
Pecherskyi,24071.74,One bedroom,3
Darnytskyi,11009.95,Two bedroom,28
Holosiivskyi,13557.51,Four bedroom,10
Desnianskyi,34140.33,Studio apartment,14
Shevchenkivskyi,22732.21,Four bedroom,28
Darnytskyi,11226.6,Studio apartment,30
Obolonskyi,13909.05,One bedroom,14
Obolonskyi,21170.55,One bedroom,13
Obolonskyi,5641.79,One bedroom,5
Solomianskyi,33901.73,Studio apartment,27
Pecherskyi,33411.17,Studio apartment,15
Dniprovskyi,8286.23,Three bedroom,2
Solomianskyi,9125.67,One bedroom,20
Shevchenkivskyi,26803.24,Four bedroom,18
Sviatoshynskyi,6464.48,Three bedroom,27
Solomianskyi,33079.51,Two bedroom,10
Obolonskyi,8010.81,Studio apartment,30
Holosiivskyi,30504.97,Four bedroom,23
Holosiivskyi,28517.41,One bedroom,16
Sviatoshynskyi,11038.46,Two bedroom,27
Sviatoshynskyi,16205.06,Three bedroom,13
Sviatoshynskyi,7610.45,Two bedroom,13
Shevchenkivskyi,14606.29,Two bedroom,22
Holosiivskyi,21459.51,One bedroom,18
Darnytskyi,26793.02,Two bedroom,18
Desnianskyi,31537.17,Studio apartment,23
Shevchenkivskyi,8317.32,One bedroom,15
Solomianskyi,15228.44,Studio apartment,25
Desnianskyi,14034.75,One bedroom,23
Pecherskyi,9720.98,One bedroom,18
Darnytskyi,33061.7,Studio apartment,21
Podilskyi,10517.78,Two bedroom,2
Darnytskyi,25748.31,Four bedroom,2
Darnytskyi,8096.07,Four bedroom,1
Solomianskyi,34153.65,One bedroom,18
Sviatoshynskyi,27763.4,Two bedroom,17
Holosiivskyi,13186.29,Two bedroom,25
Desnianskyi,27197.45,Three bedroom,24
Holosiivskyi,6956.56,Two bedroom,15
Dniprovskyi,31680.23,Four bedroom,27
Shevchenkivskyi,17853.03,Three bedroom,26
Shevchenkivskyi,22021.54,Two bedroom,20
Sviatoshynskyi,21379.13,One bedroom,20
Darnytskyi,13498.3,Four bedroom,10
Dniprovskyi,6889.42,Studio apartment,22
Desnianskyi,12627.76,Studio apartment,4
Shevchenkivskyi,34347.91,Four bedroom,14
Podilskyi,20764.7,One bedroom,17
Darnytskyi,31464.09,Three bedroom,13
Pecherskyi,13481.6,Four bedroom,1
Shevchenkivskyi,30876.67,Three bedroom,1
Darnytskyi,8986.68,Three bedroom,22
Solomianskyi,32459.34,One bedroom,19
Obolonskyi,32718.2,Four bedroom,14
Desnianskyi,6696.62,Three bedroom,10
Desnianskyi,5762.78,Four bedroom,22
Solomianskyi,22377.54,One bedroom,7
Sviatoshynskyi,33102.88,Four bedroom,22
Shevchenkivskyi,7006.37,Two bedroom,13
Dniprovskyi,29144.39,One bedroom,3
Obolonskyi,31879.53,One bedroom,17
Darnytskyi,33921.93,Studio apartment,15
Darnytskyi,26390.49,Four bedroom,15
Shevchenkivskyi,20073.36,Two bedroom,20
Darnytskyi,19467.2,Four bedroom,17
Podilskyi,24132.03,One bedroom,21
Holosiivskyi,27969.54,Two bedroom,6
Shevchenkivskyi,13960.54,Three bedroom,23
Holosiivskyi,15131.34,One bedroom,8
Pecherskyi,28920.99,Two bedroom,3
Dniprovskyi,17125.2,Studio apartment,29
Holosiivskyi,26296.85,One bedroom,4
Podilskyi,32546.19,Two bedroom,17
Sviatoshynskyi,28862.64,Four bedroom,9
Podilskyi,7900.8,Three bedroom,2
Pecherskyi,28735.97,One bedroom,30
Dniprovskyi,30171.15,Three bedroom,21
Darnytskyi,27780.0,Three bedroom,21
Holosiivskyi,29574.15,Two bedroom,2
Sviatoshynskyi,18306.92,Two bedroom,23
Dniprovskyi,16147.06,Four bedroom,13
Solomianskyi,26055.35,Studio apartment,4
Darnytskyi,17014.81,Two bedroom,6
Shevchenkivskyi,33820.36,One bedroom,15
Solomianskyi,22415.78,Three bedroom,25
Darnytskyi,13659.21,Four bedroom,20
Desnianskyi,23658.38,Studio apartment,21
Holosiivskyi,27937.79,Studio apartment,20
Solomianskyi,33266.2,Three bedroom,18
Holosiivskyi,14547.84,Three bedroom,22
Dniprovskyi,30779.37,Studio apartment,10
Darnytskyi,25455.4,Studio apartment,10
Obolonskyi,11456.08,Four bedroom,18
Dniprovskyi,29454.21,One bedroom,2
Holosiivskyi,25508.52,One bedroom,21
Shevchenkivskyi,17333.11,Two bedroom,17
Dniprovskyi,18447.74,Studio apartment,3
Sviatoshynskyi,17690.93,Four bedroom,13
Holosiivskyi,12794.79,Studio apartment,17
Solomianskyi,21054.44,Four bedroom,8
Podilskyi,11032.06,Studio apartment,27
Pecherskyi,19559.16,Studio apartment,18
Podilskyi,9178.89,Studio apartment,17
Darnytskyi,21908.71,One bedroom,21
Obolonskyi,25786.65,Studio apartment,22
Podilskyi,20163.03,Two bedroom,12
Desnianskyi,34800.67,Four bedroom,25
Solomianskyi,31935.25,Two bedroom,24
Podilskyi,19139.36,Two bedroom,7
Dniprovskyi,34682.89,Studio apartment,27
Dniprovskyi,16207.72,Four bedroom,21
Holosiivskyi,23752.43,One bedroom,10
Sviatoshynskyi,18419.57,Two bedroom,15
Solomianskyi,10564.88,Studio apartment,11
Darnytskyi,9713.36,Two bedroom,26
Solomianskyi,5048.32,One bedroom,1
Sviatoshynskyi,31477.04,Two bedroom,25
Dniprovskyi,25460.71,One bedroom,7
Shevchenkivskyi,19158.5,Two bedroom,13
Podilskyi,15046.41,One bedroom,24
Dniprovskyi,33832.07,One bedroom,28
Shevchenkivskyi,5796.75,Studio apartment,21
Holosiivskyi,18902.97,Two bedroom,26
Obolonskyi,21277.12,Two bedroom,10
Holosiivskyi,16476.08,One bedroom,27
Podilskyi,10742.92,Three bedroom,2
Pecherskyi,12600.73,Two bedroom,17
Pecherskyi,26831.23,One bedroom,19
Shevchenkivskyi,19940.43,Two bedroom,21
Holosiivskyi,11621.46,Three bedroom,9
Desnianskyi,25356.67,Studio apartment,12
Holosiivskyi,25561.43,Two bedroom,28
Solomianskyi,8980.94,Three bedroom,18
Podilskyi,22006.41,Two bedroom,20
Shevchenkivskyi,18258.22,Two bedroom,14
Desnianskyi,7786.51,Studio apartment,20
Sviatoshynskyi,13241.8,One bedroom,26
Dniprovskyi,30041.11,Four bedroom,27
Solomianskyi,33613.63,Two bedroom,26
Sviatoshynskyi,28482.22,Four bedroom,11
Sviatoshynskyi,26598.58,Three bedroom,20
Darnytskyi,27939.5,Three bedroom,23
Podilskyi,27987.65,Three bedroom,19
Pecherskyi,6450.06,Two bedroom,24
Dniprovskyi,6667.78,One bedroom,16
Desnianskyi,32022.69,Studio apartment,23
Podilskyi,22311.07,Three bedroom,6
Podilskyi,5674.89,Studio apartment,4
Holosiivskyi,32383.76,Studio apartment,18
Podilskyi,17870.95,Two bedroom,9
Podilskyi,16394.35,Studio apartment,10
Podilskyi,34793.66,Studio apartment,11
Holosiivskyi,21852.03,One bedroom,27
Holosiivskyi,6924.4,Two bedroom,9
Pecherskyi,13175.65,Three bedroom,18
Sviatoshynskyi,11973.16,Studio apartment,23
Dniprovskyi,6952.15,Two bedroom,23
Desnianskyi,30491.09,Three bedroom,20
Holosiivskyi,7468.38,One bedroom,6
Obolonskyi,21224.0,Three bedroom,5
Dniprovskyi,28493.43,Four bedroom,21
Dniprovskyi,32740.9,Studio apartment,7
Holosiivskyi,24935.75,Two bedroom,22
Sviatoshynskyi,32308.61,Studio apartment,20
Darnytskyi,14142.23,Two bedroom,2
Sviatoshynskyi,9215.52,Studio apartment,2
Shevchenkivskyi,32721.95,Studio apartment,24
Holosiivskyi,5265.0,Two bedroom,16
Solomianskyi,15354.03,One bedroom,7
Shevchenkivskyi,20358.65,One bedroom,26
Holosiivskyi,23760.02,Studio apartment,16
Shevchenkivskyi,30375.57,Four bedroom,11
Solomianskyi,28294.75,One bedroom,20
Pecherskyi,28189.17,Four bedroom,14
Dniprovskyi,5076.62,Studio apartment,27
Dniprovskyi,27437.14,Four bedroom,10
Sviatoshynskyi,9329.02,Three bedroom,22
Podilskyi,15395.26,Two bedroom,4
Desnianskyi,8220.97,One bedroom,13
Solomianskyi,21294.58,Two bedroom,6
Obolonskyi,19058.32,Three bedroom,27
Darnytskyi,23801.31,Two bedroom,4
Pecherskyi,33783.33,Two bedroom,11
Dniprovskyi,24750.59,Studio apartment,29
Desnianskyi,5954.16,Three bedroom,8
Sviatoshynskyi,28468.16,Four bedroom,23
Desnianskyi,27656.48,Four bedroom,9
Podilskyi,30679.28,Studio apartment,14
Desnianskyi,21277.45,Studio apartment,9
Dniprovskyi,17956.97,Two bedroom,14
Dniprovskyi,7477.3,Four bedroom,13
Pecherskyi,12333.55,Four bedroom,18
Darnytskyi,34257.98,Studio apartment,29
Dniprovskyi,31779.07,Studio apartment,10
Sviatoshynskyi,22318.24,Four bedroom,16
Podilskyi,6901.77,Three bedroom,10
Pecherskyi,18523.04,Four bedroom,12
Dniprovskyi,26497.71,Three bedroom,19
Holosiivskyi,8061.64,Three bedroom,25
Sviatoshynskyi,29450.3,One bedroom,23
Solomianskyi,23040.06,Studio apartment,7
Shevchenkivskyi,33948.63,Studio apartment,1
Holosiivskyi,29490.08,Two bedroom,13
Dniprovskyi,26277.81,Three bedroom,1
Shevchenkivskyi,31348.2,Two bedroom,29
Solomianskyi,29375.29,Two bedroom,24
Solomianskyi,30185.92,Two bedroom,13
Sviatoshynskyi,26560.1,Three bedroom,2
Solomianskyi,30838.96,Three bedroom,19
Desnianskyi,26251.25,Studio apartment,3
Solomianskyi,19343.11,Four bedroom,10
Darnytskyi,10856.71,Studio apartment,22
Podilskyi,25937.21,Studio apartment,6
Sviatoshynskyi,24823.2,Four bedroom,22
Desnianskyi,22505.74,Two bedroom,6
Obolonskyi,13983.01,Two bedroom,27
Shevchenkivskyi,29967.58,Studio apartment,3
Podilskyi,6583.04,Two bedroom,9
Pecherskyi,15730.15,Two bedroom,27
Holosiivskyi,21508.16,Two bedroom,9
Solomianskyi,20489.8,Studio apartment,26
Dniprovskyi,30362.77,One bedroom,1
Obolonskyi,26888.29,Four bedroom,6
Shevchenkivskyi,32172.41,One bedroom,29
Pecherskyi,26854.78,Four bedroom,30
Holosiivskyi,15032.04,Four bedroom,16
Shevchenkivskyi,21731.11,Two bedroom,11
Desnianskyi,24206.89,Three bedroom,11
Shevchenkivskyi,13046.71,One bedroom,23
Podilskyi,31267.66,One bedroom,20
Sviatoshynskyi,8593.16,Two bedroom,7
Podilskyi,6585.42,Two bedroom,30
Podilskyi,5719.42,Studio apartment,16
Dniprovskyi,30285.23,One bedroom,10
Shevchenkivskyi,7330.62,Studio apartment,8
Solomianskyi,7813.7,One bedroom,19
Podilskyi,32301.17,One bedroom,15
Dniprovskyi,11671.25,One bedroom,24
Darnytskyi,29970.87,Three bedroom,7
Shevchenkivskyi,5514.51,One bedroom,26
Sviatoshynskyi,16420.32,Two bedroom,7
Obolonskyi,26210.93,One bedroom,15
Holosiivskyi,11558.56,Four bedroom,28
Dniprovskyi,18831.97,Two bedroom,11
Podilskyi,12162.48,Studio apartment,4
Pecherskyi,7113.61,Three bedroom,27
Desnianskyi,20249.96,Three bedroom,29
Sviatoshynskyi,13556.71,One bedroom,11
Darnytskyi,15637.1,Studio apartment,21
Shevchenkivskyi,32844.07,One bedroom,3
Solomianskyi,7147.97,Three bedroom,18
Darnytskyi,23677.91,Studio apartment,26
Podilskyi,5737.41,Studio apartment,12
Sviatoshynskyi,8527.32,Two bedroom,13
Sviatoshynskyi,18278.1,One bedroom,7
Darnytskyi,24061.27,Four bedroom,10
Darnytskyi,9622.56,Three bedroom,7
Sviatoshynskyi,30117.5,Two bedroom,18
Desnianskyi,32506.87,Three bedroom,3
Darnytskyi,34451.3,Studio apartment,18
Sviatoshynskyi,13583.24,Four bedroom,6
Podilskyi,21870.66,Studio apartment,5
Podilskyi,18492.67,Studio apartment,4
Solomianskyi,19357.77,Two bedroom,15
Shevchenkivskyi,28910.62,Three bedroom,20
Desnianskyi,29804.44,Two bedroom,24
Podilskyi,12295.36,Studio apartment,13
Solomianskyi,34278.04,Studio apartment,1
Dniprovskyi,11293.75,Four bedroom,8
Shevchenkivskyi,5615.73,Two bedroom,29
Shevchenkivskyi,8447.39,One bedroom,16
Darnytskyi,22749.55,Four bedroom,15
Darnytskyi,18871.32,Studio apartment,15
Obolonskyi,18216.92,Three bedroom,13
Darnytskyi,17253.58,Studio apartment,13
Holosiivskyi,20905.97,Two bedroom,26
Dniprovskyi,12264.5,Four bedroom,13
Solomianskyi,22343.7,Two bedroom,10
Podilskyi,24478.5,One bedroom,3
Darnytskyi,12312.0,Two bedroom,25
Shevchenkivskyi,16945.52,Four bedroom,9
Solomianskyi,20648.01,Studio apartment,20
Obolonskyi,11923.23,One bedroom,18
Holosiivskyi,14374.61,One bedroom,19
Dniprovskyi,18969.13,Studio apartment,27
Sviatoshynskyi,31495.57,Studio apartment,25
Holosiivskyi,20112.16,One bedroom,8
Obolonskyi,33130.2,One bedroom,6
Pecherskyi,8696.94,Studio apartment,24
Obolonskyi,8536.8,Four bedroom,22
Shevchenkivskyi,26064.79,Three bedroom,19
Desnianskyi,30912.89,Studio apartment,5
Obolonskyi,27587.02,One bedroom,6
Dniprovskyi,28306.76,Four bedroom,2
Darnytskyi,30519.2,Studio apartment,23
Pecherskyi,15554.6,One bedroom,30
Shevchenkivskyi,10943.94,Two bedroom,7
Dniprovskyi,14090.12,Two bedroom,10
Dniprovskyi,13199.64,One bedroom,24
Sviatoshynskyi,20402.28,Two bedroom,22
Obolonskyi,31723.81,Three bedroom,7
Shevchenkivskyi,10115.4,Two bedroom,7
Solomianskyi,27566.76,Four bedroom,21
Desnianskyi,33742.0,Two bedroom,19
Sviatoshynskyi,13719.79,Studio apartment,28
Darnytskyi,15930.36,Two bedroom,29
Pecherskyi,20173.07,Two bedroom,19
Darnytskyi,13472.82,One bedroom,14
Darnytskyi,22091.29,Three bedroom,25
Sviatoshynskyi,9132.11,Two bedroom,8
Obolonskyi,32847.46,Four bedroom,19
Shevchenkivskyi,21933.82,One bedroom,17
Dniprovskyi,12720.33,Four bedroom,25
Obolonskyi,13972.56,Studio apartment,8
Dniprovskyi,6226.26,Studio apartment,22
Solomianskyi,33103.71,Four bedroom,13
Darnytskyi,33278.06,Three bedroom,23
Darnytskyi,12655.09,Two bedroom,7
Holosiivskyi,17921.46,Four bedroom,13
Holosiivskyi,25682.66,Four bedroom,20
Darnytskyi,18029.26,One bedroom,5
Desnianskyi,22305.14,Studio apartment,24
Sviatoshynskyi,32796.11,Three bedroom,22
Dniprovskyi,11769.79,One bedroom,18
Darnytskyi,18353.65,Studio apartment,14
Holosiivskyi,34483.38,Studio apartment,20
Solomianskyi,32316.01,Four bedroom,1
Darnytskyi,7124.23,Studio apartment,21
Sviatoshynskyi,14843.0,Three bedroom,28
Shevchenkivskyi,7491.9,Two bedroom,20
Pecherskyi,7706.28,Two bedroom,21
Holosiivskyi,13372.29,Two bedroom,13
Pecherskyi,33166.04,One bedroom,28
Dniprovskyi,6815.3,Studio apartment,12
Desnianskyi,6942.59,Studio apartment,26
Podilskyi,8977.98,Four bedroom,30
Sviatoshynskyi,8842.55,Two bedroom,24
Podilskyi,6820.39,Two bedroom,3
Desnianskyi,27843.24,Studio apartment,4
Podilskyi,8913.03,Studio apartment,6
Podilskyi,32396.88,One bedroom,17
Solomianskyi,33837.35,Three bedroom,17
Desnianskyi,28079.91,Four bedroom,6
Holosiivskyi,21788.75,Three bedroom,26
Shevchenkivskyi,5940.97,One bedroom,24
Desnianskyi,19236.86,Two bedroom,19
Dniprovskyi,5753.48,One bedroom,14
Shevchenkivskyi,22669.35,One bedroom,10
Podilskyi,18035.0,Three bedroom,3
Holosiivskyi,17819.18,Two bedroom,26
Sviatoshynskyi,23389.6,Studio apartment,22
Holosiivskyi,13887.28,One bedroom,5
Pecherskyi,33049.61,Studio apartment,28
Solomianskyi,11905.0,Studio apartment,22
Holosiivskyi,25047.88,One bedroom,26
Pecherskyi,31080.7,Studio apartment,14
Darnytskyi,9273.06,Four bedroom,4
Obolonskyi,7817.68,One bedroom,14
Holosiivskyi,22964.27,Three bedroom,22
Dniprovskyi,11384.89,Studio apartment,9
Holosiivskyi,9098.46,Studio apartment,6
Dniprovskyi,30605.26,Studio apartment,24
Shevchenkivskyi,30148.19,Three bedroom,4
Sviatoshynskyi,24519.98,One bedroom,24
Podilskyi,30182.79,One bedroom,30
Pecherskyi,12851.14,Studio apartment,24
Obolonskyi,20757.0,Four bedroom,21
Darnytskyi,26676.36,Two bedroom,12
Solomianskyi,5591.37,Four bedroom,15
Pecherskyi,25826.23,Four bedroom,13
Desnianskyi,24841.57,One bedroom,17
Shevchenkivskyi,14024.6,Four bedroom,27
Dniprovskyi,25475.63,One bedroom,25
Dniprovskyi,14900.26,Four bedroom,22
Obolonskyi,15905.61,Four bedroom,3
Obolonskyi,6724.18,Two bedroom,2
Holosiivskyi,34270.81,Three bedroom,24
Solomianskyi,20859.48,Two bedroom,16
Pecherskyi,7137.33,One bedroom,23
Darnytskyi,24062.27,Studio apartment,18
Pecherskyi,26255.71,Four bedroom,13
Pecherskyi,33420.05,One bedroom,5
Shevchenkivskyi,20285.98,Studio apartment,24
Sviatoshynskyi,7495.52,Three bedroom,4
Solomianskyi,25174.04,One bedroom,12
Dniprovskyi,21820.43,One bedroom,10
Podilskyi,26566.03,Three bedroom,10
Sviatoshynskyi,17557.76,Studio apartment,29
Pecherskyi,15258.5,Studio apartment,30
Desnianskyi,31489.13,Four bedroom,16
Holosiivskyi,23948.58,Studio apartment,11
Darnytskyi,20870.41,Studio apartment,17
Darnytskyi,9621.11,Two bedroom,5
Solomianskyi,10307.15,Four bedroom,12
Pecherskyi,21372.85,Four bedroom,24
Dniprovskyi,30344.24,One bedroom,20
Dniprovskyi,29672.43,Three bedroom,30
Obolonskyi,34313.47,Two bedroom,21
Shevchenkivskyi,6612.15,Four bedroom,16
Obolonskyi,17983.68,One bedroom,15
Dniprovskyi,10153.6,Studio apartment,8
Solomianskyi,22673.78,Studio apartment,18
Obolonskyi,14493.58,Three bedroom,14
Dniprovskyi,29496.78,Studio apartment,21
Dniprovskyi,13145.44,Studio apartment,7
Podilskyi,27442.18,Studio apartment,23
Shevchenkivskyi,7990.11,Three bedroom,22
Podilskyi,8027.45,Two bedroom,24
Obolonskyi,8598.72,Three bedroom,5
Shevchenkivskyi,11242.79,One bedroom,24
Pecherskyi,9622.9,One bedroom,28
Darnytskyi,27382.72,Studio apartment,3
Holosiivskyi,19483.38,Studio apartment,23
Dniprovskyi,7991.85,One bedroom,9
Podilskyi,31877.46,Two bedroom,14
Holosiivskyi,7969.79,Four bedroom,21
Shevchenkivskyi,11975.24,Three bedroom,6
Sviatoshynskyi,14225.56,Studio apartment,11
Holosiivskyi,31343.35,One bedroom,5
Pecherskyi,17699.14,Three bedroom,23
Desnianskyi,27134.87,Four bedroom,8
Podilskyi,9264.84,Studio apartment,10
Sviatoshynskyi,26750.97,Studio apartment,24
Pecherskyi,28114.85,Studio apartment,19
Solomianskyi,29397.71,Four bedroom,12
Shevchenkivskyi,10541.43,One bedroom,24
Solomianskyi,22938.75,Studio apartment,24
Sviatoshynskyi,31617.11,One bedroom,28
Pecherskyi,18930.89,Four bedroom,15
Desnianskyi,5347.72,Studio apartment,9
Solomianskyi,9565.24,Studio apartment,7
Dniprovskyi,20170.26,Studio apartment,16
Sviatoshynskyi,15647.7,Four bedroom,10
Dniprovskyi,25752.94,Two bedroom,21
Podilskyi,7999.93,Three bedroom,20
Solomianskyi,32959.59,Three bedroom,14
Shevchenkivskyi,13500.72,One bedroom,15
Solomianskyi,12289.8,Four bedroom,23
Sviatoshynskyi,28261.43,Studio apartment,26
Sviatoshynskyi,19663.99,Studio apartment,23
Podilskyi,19249.87,Three bedroom,7
Dniprovskyi,30514.9,Two bedroom,15
Solomianskyi,8504.09,Four bedroom,17
Solomianskyi,21723.61,Three bedroom,22
Desnianskyi,23447.39,Three bedroom,13
Darnytskyi,29325.15,Studio apartment,30
Dniprovskyi,18363.53,Four bedroom,2
Solomianskyi,31799.11,Two bedroom,18
Podilskyi,21947.67,Four bedroom,1
Holosiivskyi,25042.9,Three bedroom,15
Dniprovskyi,20888.27,Two bedroom,25
Solomianskyi,29060.7,Studio apartment,16
Podilskyi,26157.77,Four bedroom,17
Holosiivskyi,20923.08,Four bedroom,6
Shevchenkivskyi,17420.53,Two bedroom,30
Desnianskyi,7227.2,Studio apartment,22
Holosiivskyi,5120.14,Four bedroom,26
Pecherskyi,22170.44,Three bedroom,5
Sviatoshynskyi,6600.28,Two bedroom,7
Shevchenkivskyi,21741.12,Two bedroom,15
Pecherskyi,17110.98,Three bedroom,10
Pecherskyi,10418.0,Two bedroom,17
Darnytskyi,27392.48,Four bedroom,14
Podilskyi,33926.17,Four bedroom,21
Sviatoshynskyi,27555.91,One bedroom,12
Sviatoshynskyi,28574.26,One bedroom,15
Sviatoshynskyi,20174.48,Four bedroom,1
Solomianskyi,20262.42,Three bedroom,7
Solomianskyi,6033.22,Two bedroom,23
Darnytskyi,29450.45,Studio apartment,5
Sviatoshynskyi,8934.56,Two bedroom,6
Pecherskyi,26511.59,One bedroom,18
Podilskyi,14459.93,Two bedroom,20
Podilskyi,10809.85,Studio apartment,30
Sviatoshynskyi,16006.84,Studio apartment,4
Dniprovskyi,25294.88,One bedroom,9
Podilskyi,20008.45,Three bedroom,15
Sviatoshynskyi,13024.04,Three bedroom,4
Obolonskyi,33408.87,Two bedroom,13
Solomianskyi,16168.67,Studio apartment,1
Podilskyi,27450.45,Studio apartment,13
Sviatoshynskyi,7016.39,Two bedroom,16
Podilskyi,21237.81,Three bedroom,22
Dniprovskyi,19609.21,Studio apartment,25
Solomianskyi,27402.27,Studio apartment,23
Sviatoshynskyi,14874.6,Two bedroom,22
Obolonskyi,15554.47,One bedroom,6
Pecherskyi,31882.9,Studio apartment,14
Podilskyi,20551.9,Two bedroom,7
Solomianskyi,34142.76,Three bedroom,17
Pecherskyi,11313.88,Three bedroom,26
Dniprovskyi,23350.64,Two bedroom,10
Sviatoshynskyi,22986.38,Two bedroom,26
Darnytskyi,21361.99,Two bedroom,14
Holosiivskyi,5167.12,Two bedroom,26
Sviatoshynskyi,20981.04,Four bedroom,5
Darnytskyi,30949.36,Two bedroom,2
Obolonskyi,8942.35,Four bedroom,11
Pecherskyi,19119.66,Four bedroom,25
Darnytskyi,15489.43,Studio apartment,5
Pecherskyi,24130.47,Two bedroom,11
Podilskyi,14416.68,Three bedroom,21
Darnytskyi,7905.54,Four bedroom,19
Obolonskyi,25940.83,Three bedroom,18
Obolonskyi,6608.54,Four bedroom,14
Darnytskyi,29716.83,Studio apartment,17
Darnytskyi,29801.67,Three bedroom,3
Pecherskyi,23532.25,One bedroom,14
Desnianskyi,29300.24,Four bedroom,30
Pecherskyi,34214.19,Three bedroom,6
Darnytskyi,23273.56,Four bedroom,16
Sviatoshynskyi,15635.08,One bedroom,27
Shevchenkivskyi,18105.39,Four bedroom,6
Podilskyi,34088.86,Two bedroom,6
Obolonskyi,28758.72,Studio apartment,13
Solomianskyi,26660.55,Studio apartment,15
Solomianskyi,30201.53,Studio apartment,2
Podilskyi,6870.1,Four bedroom,19
Obolonskyi,18912.53,Four bedroom,3
Podilskyi,11212.38,Four bedroom,9
Podilskyi,14679.35,Three bedroom,3
Holosiivskyi,7768.48,Three bedroom,24
Pecherskyi,29063.57,Two bedroom,29
Darnytskyi,7626.22,Studio apartment,12
Darnytskyi,28511.76,One bedroom,26
Podilskyi,32124.42,Three bedroom,29
Obolonskyi,6494.41,Studio apartment,6
Dniprovskyi,30359.54,Three bedroom,25
Shevchenkivskyi,32265.36,One bedroom,2
Sviatoshynskyi,10880.88,Two bedroom,25
Shevchenkivskyi,18481.53,Studio apartment,19
Podilskyi,15377.51,Two bedroom,8
Obolonskyi,15929.87,Two bedroom,13
Pecherskyi,16567.75,Four bedroom,25
Podilskyi,29166.95,Two bedroom,5
Holosiivskyi,10790.74,One bedroom,11
Desnianskyi,20353.25,Two bedroom,30
Darnytskyi,6909.92,Studio apartment,25
Podilskyi,29498.17,One bedroom,16
Solomianskyi,31404.21,One bedroom,18
Sviatoshynskyi,10426.64,Four bedroom,12
Pecherskyi,29011.63,Studio apartment,5
Holosiivskyi,26263.76,One bedroom,21
Pecherskyi,19322.73,Two bedroom,15
Obolonskyi,15063.92,One bedroom,18
Holosiivskyi,27283.74,One bedroom,26
Darnytskyi,27405.43,Two bedroom,2
Sviatoshynskyi,24382.22,Two bedroom,5
Shevchenkivskyi,6987.21,One bedroom,3
Desnianskyi,23142.06,Four bedroom,9
Holosiivskyi,10200.49,One bedroom,21
Pecherskyi,6019.63,Studio apartment,23
Darnytskyi,28034.67,Four bedroom,12
Holosiivskyi,31915.89,Three bedroom,7
Obolonskyi,32052.98,Four bedroom,1
Solomianskyi,26102.49,One bedroom,26
Sviatoshynskyi,27623.27,Studio apartment,28
Solomianskyi,26539.46,Studio apartment,16
Podilskyi,27507.76,Three bedroom,17
Dniprovskyi,23180.67,Three bedroom,3
Pecherskyi,28984.7,One bedroom,15
Sviatoshynskyi,25173.91,One bedroom,21
Solomianskyi,28959.57,Four bedroom,28
Dniprovskyi,26169.07,Studio apartment,24
Dniprovskyi,10457.68,Studio apartment,25
Dniprovskyi,14232.53,Studio apartment,7
Solomianskyi,34786.93,Two bedroom,28
Holosiivskyi,14498.8,Four bedroom,2
Solomianskyi,33331.46,Studio apartment,9
Darnytskyi,29185.82,Three bedroom,1
Holosiivskyi,13782.9,Four bedroom,27
Holosiivskyi,7554.47,Two bedroom,4
Darnytskyi,21657.01,One bedroom,7
Solomianskyi,33387.71,Three bedroom,3
Dniprovskyi,30791.42,Two bedroom,22
Sviatoshynskyi,8936.82,Studio apartment,19
Podilskyi,13785.31,Three bedroom,17
Holosiivskyi,9469.87,Three bedroom,5
Sviatoshynskyi,33141.57,Studio apartment,10
Solomianskyi,32882.46,Studio apartment,3
Pecherskyi,19567.45,Four bedroom,11
Darnytskyi,21710.94,Four bedroom,15
Shevchenkivskyi,30376.3,Two bedroom,30
Darnytskyi,33815.36,Four bedroom,20
Obolonskyi,18155.91,One bedroom,23
Podilskyi,19165.93,Three bedroom,22
Solomianskyi,28432.53,One bedroom,14
Dniprovskyi,23059.62,Two bedroom,27
Desnianskyi,29087.68,Studio apartment,2
Sviatoshynskyi,17035.3,Two bedroom,12
Shevchenkivskyi,6305.61,One bedroom,23
Holosiivskyi,7487.94,One bedroom,19
Pecherskyi,21792.99,Four bedroom,19
Pecherskyi,11089.37,Two bedroom,11
Pecherskyi,24681.2,Two bedroom,11
Solomianskyi,22547.36,Four bedroom,10
Sviatoshynskyi,16864.32,Two bedroom,10
Pecherskyi,17924.59,Studio apartment,28
Dniprovskyi,15404.02,Studio apartment,9
Solomianskyi,22742.37,Four bedroom,1
Podilskyi,20170.02,One bedroom,27
Shevchenkivskyi,29785.2,Three bedroom,9
Solomianskyi,31191.69,Two bedroom,25
Solomianskyi,19737.19,Three bedroom,7
Solomianskyi,13385.1,Two bedroom,16
Solomianskyi,8537.81,One bedroom,9
Solomianskyi,26774.53,Studio apartment,10
Sviatoshynskyi,11633.58,Three bedroom,11
Obolonskyi,5344.07,Two bedroom,5
Podilskyi,30838.67,Two bedroom,9
Darnytskyi,22341.87,Studio apartment,22
Shevchenkivskyi,26544.55,One bedroom,12
Shevchenkivskyi,5383.71,Four bedroom,15
Dniprovskyi,16911.59,Studio apartment,1
Solomianskyi,11823.47,Four bedroom,12
Solomianskyi,33805.61,Four bedroom,11
Obolonskyi,11502.38,Studio apartment,30
Podilskyi,9811.8,Two bedroom,28
Desnianskyi,11950.38,Three bedroom,4
Obolonskyi,29516.49,Two bedroom,7
Obolonskyi,32482.29,Studio apartment,2
Shevchenkivskyi,31210.14,One bedroom,21
Sviatoshynskyi,22014.93,Two bedroom,2
Pecherskyi,31998.48,Two bedroom,20
Darnytskyi,6756.49,Four bedroom,4
Podilskyi,13863.25,Three bedroom,5
Pecherskyi,18799.02,Four bedroom,15
Dniprovskyi,29562.25,Four bedroom,17
Desnianskyi,7451.34,One bedroom,16
Podilskyi,9389.29,Three bedroom,18
Podilskyi,6708.59,Four bedroom,10
Solomianskyi,30097.56,Three bedroom,24
Darnytskyi,7567.82,Two bedroom,13
Pecherskyi,34605.93,Four bedroom,10
Solomianskyi,7531.17,One bedroom,27
Dniprovskyi,7371.77,Four bedroom,11
Solomianskyi,32423.98,Four bedroom,20
Sviatoshynskyi,5927.62,One bedroom,21
Obolonskyi,21580.5,Four bedroom,30
Holosiivskyi,28132.52,Four bedroom,3
Sviatoshynskyi,17031.69,Studio apartment,7
Sviatoshynskyi,16726.9,Two bedroom,21
Holosiivskyi,17217.0,One bedroom,5
Desnianskyi,34131.69,Studio apartment,16
Holosiivskyi,10817.84,Two bedroom,18
Holosiivskyi,14111.58,Three bedroom,11
Sviatoshynskyi,24095.66,Two bedroom,23
Solomianskyi,18363.63,Three bedroom,10
Podilskyi,16015.31,Four bedroom,18
Desnianskyi,32738.02,Three bedroom,14
Sviatoshynskyi,30324.94,One bedroom,19
Desnianskyi,34729.78,Studio apartment,17
Shevchenkivskyi,20541.62,One bedroom,13
Dniprovskyi,12593.75,Four bedroom,14
Desnianskyi,24119.37,Three bedroom,12
Darnytskyi,11563.34,One bedroom,26
Solomianskyi,11306.41,Four bedroom,3
Obolonskyi,21511.6,One bedroom,17
Obolonskyi,30887.99,Two bedroom,11
Pecherskyi,27703.24,Two bedroom,4
Podilskyi,15456.58,Studio apartment,6
Obolonskyi,22298.47,Two bedroom,7
Shevchenkivskyi,29550.18,Three bedroom,11
Shevchenkivskyi,22941.44,One bedroom,18
Holosiivskyi,26067.95,One bedroom,1
Solomianskyi,19372.67,Four bedroom,12
Podilskyi,24240.91,One bedroom,6
Obolonskyi,18413.1,One bedroom,24
Pecherskyi,14139.29,Studio apartment,20
Dniprovskyi,14243.58,Four bedroom,26
Pecherskyi,17530.48,Three bedroom,29
Shevchenkivskyi,30284.96,One bedroom,22
Solomianskyi,23033.31,Four bedroom,30
Dniprovskyi,9099.84,Three bedroom,12
Holosiivskyi,11057.09,Two bedroom,27
Desnianskyi,24948.98,Four bedroom,9
Obolonskyi,6418.78,Four bedroom,22
Pecherskyi,19343.2,Two bedroom,28
Desnianskyi,26929.03,Studio apartment,29
Solomianskyi,13882.72,Four bedroom,18
Holosiivskyi,15949.4,Three bedroom,14
Darnytskyi,25766.86,Studio apartment,9
Sviatoshynskyi,32692.36,One bedroom,14
Solomianskyi,28551.48,Three bedroom,5
Pecherskyi,18568.84,Four bedroom,21
Podilskyi,7894.76,Two bedroom,26
Podilskyi,29364.68,Studio apartment,22
Darnytskyi,25770.78,Four bedroom,27
Podilskyi,17171.94,Studio apartment,24
Podilskyi,31698.7,One bedroom,22
Desnianskyi,20043.8,Studio apartment,19
Pecherskyi,10623.04,One bedroom,23
Pecherskyi,14955.73,Four bedroom,10
Desnianskyi,31684.08,One bedroom,29
Pecherskyi,12970.73,Two bedroom,27
Desnianskyi,25195.97,Three bedroom,10
Pecherskyi,26687.41,Two bedroom,13
Desnianskyi,9605.95,Three bedroom,12
Desnianskyi,16752.56,One bedroom,18
Darnytskyi,17623.51,Two bedroom,6
Desnianskyi,8634.48,Three bedroom,13
Sviatoshynskyi,25917.44,Four bedroom,20
Solomianskyi,14712.41,Studio apartment,26
Dniprovskyi,14433.3,Two bedroom,16
Shevchenkivskyi,23031.46,Two bedroom,4
Desnianskyi,31693.74,Three bedroom,22
Shevchenkivskyi,16688.37,Studio apartment,27
Holosiivskyi,34271.63,Studio apartment,17
Shevchenkivskyi,16890.39,Two bedroom,23
Holosiivskyi,30820.58,Two bedroom,17
Sviatoshynskyi,21833.36,Two bedroom,26
Shevchenkivskyi,29661.11,Two bedroom,15
Shevchenkivskyi,29279.65,Two bedroom,10
Pecherskyi,6268.37,Two bedroom,16
Desnianskyi,29235.53,Two bedroom,1
Solomianskyi,21357.92,Three bedroom,11
Desnianskyi,17357.6,Two bedroom,20
Pecherskyi,13495.1,One bedroom,9
Solomianskyi,24306.48,One bedroom,1
Holosiivskyi,19887.42,One bedroom,7
Darnytskyi,9220.83,Studio apartment,27
Pecherskyi,18715.75,Three bedroom,8
Shevchenkivskyi,34125.63,Four bedroom,1
Podilskyi,33871.36,Three bedroom,30
Podilskyi,21845.32,Three bedroom,12
Darnytskyi,5472.33,Two bedroom,11
Obolonskyi,9706.2,One bedroom,30
Obolonskyi,16048.95,Two bedroom,10
Obolonskyi,25100.39,Studio apartment,21
Podilskyi,7284.82,Three bedroom,28
Holosiivskyi,26601.31,Studio apartment,6
Desnianskyi,13239.11,One bedroom,28
Pecherskyi,10745.86,Three bedroom,25
Holosiivskyi,12856.25,Four bedroom,16
Dniprovskyi,22469.05,Two bedroom,6
Obolonskyi,10295.49,Three bedroom,27
Podilskyi,24022.02,Three bedroom,1
Dniprovskyi,19641.52,Three bedroom,24
Sviatoshynskyi,19307.51,Studio apartment,13
Pecherskyi,31249.73,One bedroom,23
Holosiivskyi,29863.5,Four bedroom,1
Podilskyi,5093.01,Four bedroom,8
Solomianskyi,24304.91,Two bedroom,25
Dniprovskyi,9735.5,One bedroom,14
Desnianskyi,28460.95,Studio apartment,15
Holosiivskyi,19890.76,Two bedroom,14
Solomianskyi,5121.81,Three bedroom,11
Darnytskyi,33710.71,One bedroom,12
Obolonskyi,15466.44,Four bedroom,25
Shevchenkivskyi,32011.01,One bedroom,19
Sviatoshynskyi,5416.11,Studio apartment,11
Shevchenkivskyi,21797.11,Studio apartment,4
Shevchenkivskyi,31549.35,Studio apartment,20
Solomianskyi,32273.5,Studio apartment,13
Obolonskyi,22880.91,One bedroom,2
Podilskyi,34511.87,Two bedroom,13
Sviatoshynskyi,8919.3,Four bedroom,1
Dniprovskyi,31434.35,One bedroom,17
Sviatoshynskyi,30739.65,Four bedroom,2
Pecherskyi,32660.73,Two bedroom,23
Desnianskyi,24173.58,Studio apartment,8
Shevchenkivskyi,9252.31,One bedroom,2
Podilskyi,19279.08,Three bedroom,15
Solomianskyi,34266.92,Four bedroom,11
Solomianskyi,30341.06,Three bedroom,1
Podilskyi,7268.84,One bedroom,6
Podilskyi,7882.54,Studio apartment,18
Podilskyi,26659.38,Two bedroom,29
Obolonskyi,16594.38,Four bedroom,8
Podilskyi,16236.94,Three bedroom,1
Shevchenkivskyi,16685.29,Four bedroom,26
Pecherskyi,15854.28,One bedroom,19
Desnianskyi,29610.77,Four bedroom,30
Darnytskyi,5504.86,Three bedroom,5
Obolonskyi,34881.64,Four bedroom,26
Darnytskyi,16503.86,Three bedroom,16
Dniprovskyi,16920.59,Two bedroom,22
Obolonskyi,23301.68,Four bedroom,16
Shevchenkivskyi,30444.53,Four bedroom,20
Shevchenkivskyi,32694.39,One bedroom,7
Dniprovskyi,28481.96,Studio apartment,30
Podilskyi,31519.94,Three bedroom,6
Sviatoshynskyi,33999.73,Studio apartment,7
Shevchenkivskyi,28107.03,Four bedroom,19
Solomianskyi,32725.48,Four bedroom,11
Desnianskyi,14420.24,Four bedroom,22
Desnianskyi,18804.09,Studio apartment,4
Podilskyi,27583.83,Studio apartment,30
Darnytskyi,15430.82,Three bedroom,10
Shevchenkivskyi,18901.38,Three bedroom,2
Shevchenkivskyi,10704.16,One bedroom,8
Desnianskyi,16309.66,Four bedroom,8
Solomianskyi,5430.64,Two bedroom,1
Podilskyi,16556.36,Studio apartment,19
Shevchenkivskyi,32557.82,Four bedroom,30
Shevchenkivskyi,22148.69,Two bedroom,26
Sviatoshynskyi,28886.65,Two bedroom,6
Pecherskyi,10858.86,Two bedroom,14
Solomianskyi,27882.7,Four bedroom,30
Darnytskyi,22247.86,One bedroom,2
Holosiivskyi,10099.49,Four bedroom,2
Desnianskyi,5420.22,Studio apartment,26
Darnytskyi,26845.41,Four bedroom,7
Pecherskyi,24923.14,Studio apartment,14
Desnianskyi,18049.7,Studio apartment,1
Solomianskyi,5948.79,Three bedroom,14
Darnytskyi,23962.65,Two bedroom,14
Holosiivskyi,15860.39,Two bedroom,2
Sviatoshynskyi,17777.47,Two bedroom,8
Shevchenkivskyi,12865.93,Three bedroom,17
Podilskyi,31534.92,Studio apartment,19
Dniprovskyi,9459.5,One bedroom,17
Podilskyi,13880.74,Studio apartment,8
Sviatoshynskyi,27899.03,Three bedroom,9
Shevchenkivskyi,18384.02,Two bedroom,5
Obolonskyi,34846.93,One bedroom,24
Obolonskyi,16467.31,Three bedroom,11
Pecherskyi,28941.9,Four bedroom,21
Solomianskyi,34209.0,Two bedroom,30
Darnytskyi,29352.24,Three bedroom,6
Shevchenkivskyi,32887.67,Studio apartment,19
Holosiivskyi,30077.34,Four bedroom,23
Dniprovskyi,15244.5,Studio apartment,29
Sviatoshynskyi,6324.21,One bedroom,14
Pecherskyi,22106.86,Studio apartment,11
Pecherskyi,21581.04,One bedroom,2
Desnianskyi,20984.08,Studio apartment,24
Shevchenkivskyi,29751.97,Three bedroom,11
Podilskyi,26125.53,Studio apartment,30
Obolonskyi,12468.31,Four bedroom,24
Obolonskyi,24378.96,One bedroom,12
Desnianskyi,8533.56,Four bedroom,13
Sviatoshynskyi,24582.74,Four bedroom,7
Sviatoshynskyi,29987.82,Three bedroom,5
Dniprovskyi,34726.35,One bedroom,1
Obolonskyi,19264.48,One bedroom,8
Darnytskyi,14720.54,One bedroom,21
Podilskyi,5274.67,Studio apartment,20
Obolonskyi,6350.45,Studio apartment,4
Holosiivskyi,10332.89,Three bedroom,6
Podilskyi,14685.49,Four bedroom,16
Podilskyi,14490.01,One bedroom,16
Podilskyi,8990.97,One bedroom,22
Solomianskyi,28186.19,Four bedroom,6
Pecherskyi,5551.41,Three bedroom,11
Sviatoshynskyi,32800.96,Four bedroom,21
Holosiivskyi,9890.03,Studio apartment,29
Shevchenkivskyi,8546.62,Studio apartment,2
Desnianskyi,12604.14,Two bedroom,27
Pecherskyi,5513.65,Two bedroom,17
Darnytskyi,29527.62,One bedroom,16
Obolonskyi,25988.41,One bedroom,27
Solomianskyi,6894.75,Four bedroom,21
Sviatoshynskyi,11518.84,One bedroom,6
Podilskyi,13824.15,Two bedroom,24
Holosiivskyi,14454.96,Two bedroom,9
Obolonskyi,32877.51,Studio apartment,29
Dniprovskyi,11448.87,Three bedroom,29
Holosiivskyi,12472.06,Four bedroom,1
Shevchenkivskyi,21298.74,Four bedroom,21
Obolonskyi,8574.97,One bedroom,13
Holosiivskyi,32915.09,Studio apartment,8
Pecherskyi,17013.72,Three bedroom,17
Obolonskyi,33914.92,Studio apartment,15
Pecherskyi,32202.96,Two bedroom,1
Sviatoshynskyi,16183.45,Three bedroom,2
Darnytskyi,21015.92,Four bedroom,6
Pecherskyi,5617.78,Three bedroom,19
Podilskyi,30616.44,One bedroom,7
Darnytskyi,12911.38,Four bedroom,23
Sviatoshynskyi,13513.98,Four bedroom,18
Shevchenkivskyi,21947.64,One bedroom,13
Desnianskyi,6060.01,Studio apartment,3
Podilskyi,7641.05,Studio apartment,15
Darnytskyi,14305.68,Three bedroom,9
Pecherskyi,22400.62,Two bedroom,10
Desnianskyi,33992.56,Studio apartment,18
Solomianskyi,13455.91,Studio apartment,24
Obolonskyi,20060.91,Studio apartment,4
Dniprovskyi,34560.43,Three bedroom,15
Desnianskyi,14126.81,Studio apartment,19
Sviatoshynskyi,15785.27,Studio apartment,26
Pecherskyi,33272.57,Three bedroom,25
Podilskyi,11079.66,Three bedroom,10
Solomianskyi,8342.85,Four bedroom,17
Obolonskyi,14285.32,One bedroom,1
Sviatoshynskyi,23809.33,One bedroom,13
Pecherskyi,34094.76,Studio apartment,28
Shevchenkivskyi,9589.1,Two bedroom,20
Podilskyi,21266.47,Four bedroom,24
Obolonskyi,32267.97,Four bedroom,17
Dniprovskyi,23240.26,Studio apartment,23
Desnianskyi,28014.22,One bedroom,1
Shevchenkivskyi,5199.46,Three bedroom,13
Sviatoshynskyi,32938.58,One bedroom,23
Dniprovskyi,27519.57,Four bedroom,19
Holosiivskyi,20237.89,Studio apartment,9
Darnytskyi,19783.84,Studio apartment,13
Podilskyi,16167.49,One bedroom,25
Podilskyi,32700.27,Four bedroom,22
Shevchenkivskyi,8807.76,Two bedroom,22
Holosiivskyi,24203.54,Two bedroom,21
Podilskyi,5281.4,One bedroom,11
Solomianskyi,26430.83,Four bedroom,20
Podilskyi,18031.53,Two bedroom,7
Darnytskyi,19885.06,Three bedroom,30
Shevchenkivskyi,18158.28,Three bedroom,3
Sviatoshynskyi,16684.41,Four bedroom,13
Shevchenkivskyi,24048.29,Three bedroom,28
Solomianskyi,7480.06,Studio apartment,29
Dniprovskyi,28008.62,Studio apartment,2
Sviatoshynskyi,19534.3,Three bedroom,12
Solomianskyi,15653.78,Studio apartment,6
Dniprovskyi,10823.68,Four bedroom,5
Sviatoshynskyi,6152.16,One bedroom,29
Dniprovskyi,5497.4,One bedroom,22
Holosiivskyi,7371.21,Two bedroom,9
Desnianskyi,24493.71,Two bedroom,17
Dniprovskyi,25034.84,Three bedroom,19
Obolonskyi,5780.03,Studio apartment,9
Solomianskyi,24338.6,Studio apartment,26
Shevchenkivskyi,6603.28,Three bedroom,11
Obolonskyi,34051.7,One bedroom,24
Podilskyi,23933.23,Studio apartment,16
Darnytskyi,10433.61,Studio apartment,16
Solomianskyi,15022.69,One bedroom,3
Holosiivskyi,6110.19,Two bedroom,24
Desnianskyi,33152.66,Three bedroom,6
Pecherskyi,26695.74,One bedroom,22
Darnytskyi,24084.55,One bedroom,30
Shevchenkivskyi,12237.27,Two bedroom,4
Desnianskyi,20061.54,Three bedroom,12
Sviatoshynskyi,6109.61,Studio apartment,23
Pecherskyi,32829.57,Three bedroom,17
Darnytskyi,26016.66,One bedroom,24
Holosiivskyi,12124.35,Studio apartment,18
Sviatoshynskyi,18065.24,Two bedroom,9
Obolonskyi,19796.98,Three bedroom,26
Solomianskyi,6612.67,Studio apartment,18
Holosiivskyi,12292.85,Studio apartment,22
Podilskyi,33022.81,Studio apartment,28
Solomianskyi,21253.57,Two bedroom,29
Obolonskyi,19247.3,Three bedroom,7
Podilskyi,9304.37,Two bedroom,13
Obolonskyi,27931.1,Studio apartment,13
Darnytskyi,25181.75,One bedroom,26
Sviatoshynskyi,19890.52,One bedroom,5
Holosiivskyi,22807.02,Two bedroom,25
Shevchenkivskyi,5797.08,Two bedroom,23
Solomianskyi,22575.52,Studio apartment,18
Podilskyi,32093.62,Four bedroom,6
Desnianskyi,22888.87,Four bedroom,10
Sviatoshynskyi,13559.81,Two bedroom,1
Sviatoshynskyi,33353.59,Two bedroom,27
Pecherskyi,31211.04,Studio apartment,4
Podilskyi,10427.02,One bedroom,27
Dniprovskyi,28078.18,Three bedroom,8
Holosiivskyi,31146.14,One bedroom,10
Podilskyi,25059.66,One bedroom,26
Obolonskyi,27194.42,Studio apartment,19
Pecherskyi,25481.29,Four bedroom,13
Sviatoshynskyi,30632.7,Studio apartment,13
Dniprovskyi,32464.1,Studio apartment,23
Obolonskyi,11327.56,Two bedroom,3
Pecherskyi,6941.95,One bedroom,8
Sviatoshynskyi,33032.98,Three bedroom,25
Sviatoshynskyi,15332.6,Studio apartment,15
Desnianskyi,29321.04,Two bedroom,16
Obolonskyi,6054.39,Studio apartment,1
Obolonskyi,24998.79,Studio apartment,8
Obolonskyi,20246.07,Two bedroom,11
Obolonskyi,6382.4,Two bedroom,14
Holosiivskyi,29799.87,One bedroom,12
Darnytskyi,31062.23,One bedroom,3
Shevchenkivskyi,21135.26,Three bedroom,2
Desnianskyi,25409.04,Four bedroom,17
Desnianskyi,20011.2,Studio apartment,14
Darnytskyi,13977.86,Studio apartment,5
Pecherskyi,16713.68,Two bedroom,28
Darnytskyi,10515.89,One bedroom,5
Holosiivskyi,17883.43,Three bedroom,3
Obolonskyi,12681.78,Studio apartment,22
Dniprovskyi,6682.28,Three bedroom,25
Podilskyi,7531.6,Two bedroom,4
Shevchenkivskyi,25486.9,Studio apartment,9
Shevchenkivskyi,22855.3,One bedroom,30
Sviatoshynskyi,33032.64,Two bedroom,26
Podilskyi,24272.47,Four bedroom,12
Dniprovskyi,32124.91,One bedroom,18
Sviatoshynskyi,11382.54,Four bedroom,8
Darnytskyi,23996.15,Two bedroom,21
Holosiivskyi,33593.95,Studio apartment,11
Darnytskyi,14320.79,Studio apartment,2
Podilskyi,18655.42,Four bedroom,5
Podilskyi,15649.71,Three bedroom,23
Podilskyi,20827.8,Studio apartment,17
Solomianskyi,28143.34,Four bedroom,3
Pecherskyi,31031.19,Four bedroom,8
Dniprovskyi,29366.22,Four bedroom,26
Solomianskyi,14386.23,Three bedroom,27
Holosiivskyi,20358.88,Three bedroom,3
Shevchenkivskyi,9296.43,Studio apartment,18
Dniprovskyi,32112.01,Studio apartment,1
Podilskyi,7699.27,Four bedroom,27
Dniprovskyi,11165.95,One bedroom,10
Shevchenkivskyi,6183.24,Three bedroom,30
Holosiivskyi,8485.36,Two bedroom,2
Obolonskyi,6199.41,Studio apartment,22
Solomianskyi,9449.9,Studio apartment,4
Desnianskyi,24826.75,Three bedroom,30
Shevchenkivskyi,31781.83,Three bedroom,29
Desnianskyi,29532.81,Three bedroom,19
Darnytskyi,23180.73,One bedroom,2
Darnytskyi,33305.83,Two bedroom,14
Obolonskyi,13104.53,Four bedroom,6
Darnytskyi,20253.63,Four bedroom,10
Desnianskyi,16719.35,Studio apartment,17
Shevchenkivskyi,18532.06,Two bedroom,9
Sviatoshynskyi,32655.35,Three bedroom,24
Desnianskyi,28499.16,Studio apartment,26
Darnytskyi,12937.12,Three bedroom,28
Holosiivskyi,9560.46,Four bedroom,20
Sviatoshynskyi,26119.17,Studio apartment,12
Desnianskyi,17253.08,Four bedroom,13
Dniprovskyi,24248.5,Two bedroom,16
Solomianskyi,19016.18,One bedroom,17
Desnianskyi,7829.27,One bedroom,4
Shevchenkivskyi,8420.65,Studio apartment,8
Shevchenkivskyi,24354.12,One bedroom,26
Dniprovskyi,17352.99,One bedroom,20
Darnytskyi,22408.32,One bedroom,12
Darnytskyi,8236.01,Three bedroom,11
Solomianskyi,27805.44,Studio apartment,19
Podilskyi,24010.5,Three bedroom,14
Holosiivskyi,13839.49,Two bedroom,5
Podilskyi,31543.86,Studio apartment,15
Solomianskyi,28400.98,Two bedroom,23
Sviatoshynskyi,5382.49,Studio apartment,9
Sviatoshynskyi,8981.73,Three bedroom,10
Dniprovskyi,19913.47,Two bedroom,18
Solomianskyi,15953.13,Three bedroom,2
Holosiivskyi,5501.93,Three bedroom,9
Sviatoshynskyi,27581.88,Three bedroom,1
Shevchenkivskyi,25387.93,Two bedroom,8
Solomianskyi,19418.43,Four bedroom,20
Shevchenkivskyi,25062.27,One bedroom,15
Shevchenkivskyi,6621.44,Three bedroom,12
Desnianskyi,20818.08,Four bedroom,30
Solomianskyi,7685.07,Three bedroom,14
Darnytskyi,18543.07,One bedroom,22
Darnytskyi,25450.22,Three bedroom,12
Pecherskyi,5682.08,Studio apartment,27
Obolonskyi,34856.63,One bedroom,17
Solomianskyi,26454.91,One bedroom,21
Shevchenkivskyi,8350.32,Four bedroom,15
Pecherskyi,17508.31,Studio apartment,23
Sviatoshynskyi,16760.72,Four bedroom,15
Desnianskyi,17324.17,Three bedroom,7
Shevchenkivskyi,11699.22,Two bedroom,12
Holosiivskyi,25206.72,Two bedroom,4
Darnytskyi,10774.32,One bedroom,16
Holosiivskyi,20630.05,One bedroom,26
Solomianskyi,33685.46,Two bedroom,9
Sviatoshynskyi,22136.41,One bedroom,1
Desnianskyi,20770.61,Four bedroom,27
Sviatoshynskyi,10689.33,Two bedroom,18
Shevchenkivskyi,16071.25,Two bedroom,21
Solomianskyi,33955.01,One bedroom,17
Dniprovskyi,11930.56,Four bedroom,13
Darnytskyi,10246.58,Three bedroom,16
Podilskyi,19674.71,Four bedroom,3
Solomianskyi,27131.6,Two bedroom,20
Desnianskyi,14446.44,One bedroom,7
Desnianskyi,9993.5,Three bedroom,28
Solomianskyi,34000.56,Three bedroom,28
Sviatoshynskyi,24528.49,One bedroom,8
Sviatoshynskyi,23527.26,Studio apartment,20
Holosiivskyi,14214.2,Four bedroom,25
Obolonskyi,22055.06,Four bedroom,5
Pecherskyi,6983.27,Three bedroom,9
Sviatoshynskyi,24143.49,Three bedroom,13
Solomianskyi,9509.42,Four bedroom,9
Dniprovskyi,10233.44,Three bedroom,26
Obolonskyi,5745.73,Four bedroom,5
Obolonskyi,21025.03,Two bedroom,19
Holosiivskyi,17588.14,Four bedroom,11
Obolonskyi,23087.49,Four bedroom,25
Podilskyi,9451.77,Studio apartment,11
Solomianskyi,11725.29,One bedroom,28
Shevchenkivskyi,14115.0,Studio apartment,11
Shevchenkivskyi,31951.62,Four bedroom,10
Pecherskyi,34945.93,Four bedroom,10
Shevchenkivskyi,32744.34,Three bedroom,23
Shevchenkivskyi,8397.3,One bedroom,13
Sviatoshynskyi,19963.37,Studio apartment,2
Obolonskyi,29014.83,Four bedroom,9
Solomianskyi,12147.06,Four bedroom,6
Dniprovskyi,6325.59,One bedroom,11
Desnianskyi,21935.59,One bedroom,9
Desnianskyi,25551.48,Two bedroom,14
Sviatoshynskyi,14848.61,Two bedroom,4
Shevchenkivskyi,7463.37,Two bedroom,19
Holosiivskyi,34644.55,Two bedroom,12
Shevchenkivskyi,30913.91,One bedroom,10
Desnianskyi,9785.2,One bedroom,24
Shevchenkivskyi,33520.71,One bedroom,5
Holosiivskyi,7980.3,Two bedroom,5
Obolonskyi,28723.84,Three bedroom,7
Shevchenkivskyi,15030.87,Four bedroom,8
Podilskyi,30691.0,Studio apartment,9
Shevchenkivskyi,5858.09,Three bedroom,21
Obolonskyi,15385.49,Two bedroom,12
Solomianskyi,16173.99,Studio apartment,7
Sviatoshynskyi,6750.07,Studio apartment,7
Holosiivskyi,27154.01,Studio apartment,21
Shevchenkivskyi,14983.15,Two bedroom,6
Desnianskyi,30421.25,Two bedroom,22
Sviatoshynskyi,33104.85,Three bedroom,19
Shevchenkivskyi,10155.91,Four bedroom,23
Sviatoshynskyi,32234.67,Three bedroom,3
Sviatoshynskyi,6556.14,One bedroom,13
Shevchenkivskyi,23443.42,Two bedroom,29
Darnytskyi,18046.39,Two bedroom,26
Holosiivskyi,5336.04,One bedroom,9
Podilskyi,30609.21,One bedroom,20
Darnytskyi,12291.35,Three bedroom,16
Desnianskyi,28335.52,Studio apartment,14
Holosiivskyi,30161.35,Studio apartment,20
Dniprovskyi,6168.84,One bedroom,29
Sviatoshynskyi,5314.4,One bedroom,14
Obolonskyi,20075.3,Studio apartment,5
Pecherskyi,34273.02,Three bedroom,7
Shevchenkivskyi,34682.05,One bedroom,8
Darnytskyi,12391.79,Studio apartment,12
Sviatoshynskyi,13181.88,Two bedroom,14
Sviatoshynskyi,19857.13,One bedroom,13
Sviatoshynskyi,26963.84,Four bedroom,4
Podilskyi,31593.54,One bedroom,13
Desnianskyi,12621.78,Two bedroom,8
Solomianskyi,33015.28,Three bedroom,3
Dniprovskyi,10969.75,One bedroom,4
Darnytskyi,26223.93,One bedroom,19
Desnianskyi,30937.45,One bedroom,4
Desnianskyi,14679.79,Two bedroom,12
Pecherskyi,25295.79,Two bedroom,4
Pecherskyi,17740.8,Four bedroom,29
Sviatoshynskyi,31980.0,One bedroom,19
Shevchenkivskyi,28864.77,Two bedroom,22
Pecherskyi,28286.33,Studio apartment,1
Solomianskyi,18195.78,Four bedroom,23
Solomianskyi,21265.35,One bedroom,14
Podilskyi,34188.41,Three bedroom,30
Dniprovskyi,33587.29,Studio apartment,23
Obolonskyi,19804.27,Two bedroom,11
Podilskyi,7032.45,Studio apartment,11
Pecherskyi,11376.76,Studio apartment,19
Desnianskyi,28970.24,Two bedroom,27
Solomianskyi,34579.44,Studio apartment,2
Podilskyi,27126.16,One bedroom,30
Darnytskyi,18961.68,One bedroom,11
Shevchenkivskyi,16342.85,Studio apartment,18
Desnianskyi,16335.37,Three bedroom,5
Dniprovskyi,33409.43,One bedroom,16
Holosiivskyi,5007.36,Studio apartment,22
Darnytskyi,27236.56,One bedroom,17
Podilskyi,32530.59,One bedroom,13
Desnianskyi,9741.1,One bedroom,16
Desnianskyi,9471.87,Four bedroom,13
Desnianskyi,28815.03,Four bedroom,17
Dniprovskyi,22747.3,Four bedroom,5
Shevchenkivskyi,21390.58,Three bedroom,15
Darnytskyi,26813.75,One bedroom,26
Shevchenkivskyi,26271.3,Two bedroom,18
Darnytskyi,8770.28,One bedroom,21
Shevchenkivskyi,26900.74,Studio apartment,17
Darnytskyi,8895.09,One bedroom,12
Shevchenkivskyi,19893.49,One bedroom,5
Obolonskyi,25297.22,Four bedroom,15
Sviatoshynskyi,10538.15,Two bedroom,29
Solomianskyi,26120.65,Two bedroom,14
Solomianskyi,8214.25,Studio apartment,8
Dniprovskyi,12661.66,Two bedroom,1
Shevchenkivskyi,32651.25,Three bedroom,18
Podilskyi,33845.86,Four bedroom,6
Obolonskyi,13324.8,Four bedroom,1
Obolonskyi,24042.03,One bedroom,29
Dniprovskyi,18440.46,Two bedroom,30
Shevchenkivskyi,25265.5,Three bedroom,24
Holosiivskyi,17844.57,One bedroom,2
Holosiivskyi,19334.22,One bedroom,26
Shevchenkivskyi,18054.78,Two bedroom,29
Obolonskyi,26123.56,Two bedroom,16
Desnianskyi,16264.48,Four bedroom,28
Shevchenkivskyi,16390.08,Two bedroom,5
Shevchenkivskyi,30916.15,Studio apartment,21
Desnianskyi,13286.36,Studio apartment,14
Sviatoshynskyi,13974.92,Studio apartment,16
Shevchenkivskyi,24815.27,Studio apartment,24
Sviatoshynskyi,20029.59,Four bedroom,27
Sviatoshynskyi,13752.52,Four bedroom,23
Podilskyi,29011.6,Two bedroom,3
Darnytskyi,24776.07,Four bedroom,14
Dniprovskyi,34373.03,Three bedroom,12
Solomianskyi,5797.93,Four bedroom,23
Pecherskyi,15546.07,Three bedroom,24
Pecherskyi,23763.47,Two bedroom,12
Darnytskyi,19230.16,Three bedroom,26
Desnianskyi,32152.18,Four bedroom,1
Holosiivskyi,22898.41,One bedroom,11
Podilskyi,5901.3,Two bedroom,8
Sviatoshynskyi,5275.39,Four bedroom,4
Shevchenkivskyi,12672.92,Three bedroom,28
Podilskyi,21748.15,One bedroom,14
Desnianskyi,19770.06,One bedroom,10
Desnianskyi,15611.92,Four bedroom,28
Desnianskyi,33013.28,Two bedroom,16
Sviatoshynskyi,22003.21,One bedroom,13
Darnytskyi,24758.18,Studio apartment,7
Darnytskyi,18128.51,Three bedroom,16
Sviatoshynskyi,33588.05,One bedroom,27
Podilskyi,7852.88,Three bedroom,22
Dniprovskyi,5108.29,Three bedroom,12
Pecherskyi,9658.03,Three bedroom,2
Pecherskyi,17251.59,One bedroom,20
Darnytskyi,27713.05,Two bedroom,16
Shevchenkivskyi,19220.28,Studio apartment,20
Podilskyi,25689.44,Two bedroom,19
Holosiivskyi,6132.03,Two bedroom,23
Holosiivskyi,33952.14,Four bedroom,5
Solomianskyi,30416.89,One bedroom,25
Podilskyi,31920.11,One bedroom,14
Dniprovskyi,15907.48,Studio apartment,24
Holosiivskyi,31412.24,One bedroom,7
Dniprovskyi,11198.49,One bedroom,11
Sviatoshynskyi,23251.91,Studio apartment,4
Dniprovskyi,15603.95,Four bedroom,7
Holosiivskyi,5776.5,Studio apartment,26
Obolonskyi,17542.19,Four bedroom,13
Shevchenkivskyi,10473.81,Four bedroom,1
Darnytskyi,12260.75,Two bedroom,26
Darnytskyi,16794.79,Three bedroom,26
Solomianskyi,31847.43,Studio apartment,8
Solomianskyi,28479.84,Studio apartment,16
Desnianskyi,34698.25,Two bedroom,27
Desnianskyi,5569.8,Two bedroom,14
Shevchenkivskyi,26748.14,Studio apartment,18
Darnytskyi,22627.15,One bedroom,15
Shevchenkivskyi,27132.65,One bedroom,8
Desnianskyi,8966.43,Studio apartment,4
Pecherskyi,17380.2,One bedroom,14
Podilskyi,12769.11,One bedroom,30
Dniprovskyi,13103.38,One bedroom,15
Dniprovskyi,5257.16,Two bedroom,26
Sviatoshynskyi,13400.26,Studio apartment,23
Shevchenkivskyi,32789.4,Three bedroom,6
Holosiivskyi,28603.2,Three bedroom,20
Darnytskyi,20929.5,Studio apartment,11
Shevchenkivskyi,30147.13,Four bedroom,28
Dniprovskyi,9298.64,Four bedroom,12
Shevchenkivskyi,28597.51,Two bedroom,4
Sviatoshynskyi,27865.71,Studio apartment,2
Darnytskyi,11619.1,Four bedroom,13
Holosiivskyi,9000.00,One bedroom,1
Holosiivskyi,8000.00,One bedroom,1
Podilskyi,10000.00,Two bedroom,4
